ID,Year,Country,iPodD,iPodER,iPadD,iPadER,iPhoneD,iPhoneER,BigMacD,BigMacER,CPIave,CPIave2010,CPIER,VATGST,TARIFFipod,TARIFFipad,TARIFFiphone,SHIP
1,2007,Argentina,999,3.154062112,#N/A,#N/A,#N/A,#N/A,8.25,3.08875,#N/A,#N/A,3.1155,0.21,0.200000003,0.125,#N/A,#N/A
1,2008,Argentina,1199,3.385471433,#N/A,#N/A,#N/A,#N/A,11,3.0195,#N/A,#N/A,3.1629,0.21,0.200000003,0.125,0.213333324,#N/A
1,2009,Argentina,1199,3.762930396,#N/A,#N/A,#N/A,#N/A,11.5,3.81125,#N/A,#N/A,3.7299,0.21,0.200000003,0.125,0.213333324,#N/A
1,2010,Argentina,1329,3.8597,3399,3.9514,#N/A,#N/A,7,3.7985,#N/A,#N/A,3.9123,0.21,0.200000003,0.125,0.213333324,2547.960087
1,2011,Argentina,1499,4.2804,3499,4.2032,#N/A,4.2032,20,4.1325,#N/A,#N/A,4.1296,0.21,0.200000003,0.125,0.213333324,1689.903761
1,2012,Argentina,1699,4.592,3999,4.6703,#N/A,4.6703,20,4.3135,#N/A,#N/A,4.5513,0.21,0.200000003,0.125,0.213333324,2018.084667
1,2013,Argentina,2499,5.7915,6599,5.7369,#N/A,5.7369,19,4.9765,#N/A,#N/A,5.4797,0.21,0.200000003,0.125,0.213333324,1572.533507
1,2014,Argentina,3999,8.4275,10799,8.416,#N/A,8.416,21,6.92125,105.5067,4.127738624,8.1209,0.21,0.200000003,0.219999999,0.243999988,1256.887288
1,2015,Argentina,4799,9.3638,14399,9.3638,#N/A,9.3638,28,8.61,120.604,4.718390292,9.2643,0.21,0.200000003,0.219999999,0.243999988,518.4802503
1,2016,Argentina,5499,15.1174,14399,15.1174,#N/A,15.1174,33,13.80925,#N/A,#N/A,14.7787,0.21,0.200000003,0.219999999,0.243999988,1876.784555
1,2017,Argentina,5999,17.6436,8999,17.2412,#N/A,17.2412,55,15.8575,#N/A,#N/A,16.5647,0.21,0.200000003,0.219999999,0.243999988,3052.766133
1,2018,Argentina,#N/A,#N/A,19699,38.6174,55552.6746,38.6174,75,18.9375,#N/A,#N/A,28.102,0.21,0.200000003,0,0.243999988,1940.597508
1,2019,Argentina,#N/A,#N/A,38799,56.4391,113340.4362,56.4391,75,37.455,#N/A,#N/A,48.3662,0.21,0.200000003,0,0.042666666,1906.411997
1,2020,Argentina,#N/A,#N/A,57599,75.1959,147717.8338,75.1959,171,60.0656,#N/A,#N/A,70.5688,0.21,0.200000003,0,0.042666666,1767.390919
2,2007,Australia,199,1.125809677,#N/A,#N/A,#N/A,#N/A,3.45,1.266865,91.4932,0.996452441,1.1946,0.1,0,0,0,#N/A
2,2008,Australia,189,1.467109802,#N/A,#N/A,#N/A,#N/A,3.45,1.026,95.4735,1.039801889,1.1981,0.1,0,0,0,#N/A
2,2009,Australia,199,1.262857447,#N/A,#N/A,#N/A,#N/A,4.34,1.2869,97.1644,1.05821748,1.2785,0.1,0,0,0,#N/A
2,2010,Australia,199,1.0934,629,1.0656,#N/A,#N/A,4.35,1.09355,100,1.0891,1.0891,0.1,0,0,0,1189
2,2011,Australia,179,0.9725,579,0.9798,859,0.9798,4.56,0.922381589,103.3039,1.125082775,0.969,0.1,0,0,0,772
2,2012,Australia,149,0.9461,539,0.9617,679,0.9617,4.8,0.972337012,105.1249,1.144915286,0.9659,0.1,0,0,0,925
2,2013,Australia,169,1.0733,539,1.0765,799,1.0765,4.7,0.959094615,107.7003,1.172963967,1.0369,0.1,0,0,0,818
2,2014,Australia,169,1.1431,598,1.1057,869,1.1057,5.05,1.128859288,110.3798,1.202146402,1.1104,0.1,0,0,0,678
2,2015,Australia,219,1.4175,619,1.4175,829,1.4175,5.3,1.227219734,112.0447,1.220278828,1.332,0.1,0,0,0,492
2,2016,Australia,219,1.3173,599,1.3173,929,1.3173,5.3,1.415728746,113.4755,1.235861671,1.345,0.1,0,0,0,526
2,2017,Australia,219,1.2494,469,1.2552,1079,1.2552,5.8,1.356668023,115.6868,1.259944939,1.3047,0.1,0,0,0,677
2,2018,Australia,#N/A,#N/A,469,1.3882,1079,1.3882,5.9,1.253682693,117.898,1.284027118,1.3398,0.1,0,0,0,827
2,2019,Australia,#N/A,#N/A,469,1.4688,1229,1.4688,6.1,1.401639919,119.7971,1.304710216,1.4388,0.1,0,0,0,596
2,2020,Australia,#N/A,#N/A,529,1.3841,1199,1.3841,6.45,1.449065353,120.8117,1.315760225,1.4519,0.1,0,0,0,884.75
3,2007,Brazil,676.7096651,1.830874882,#N/A,#N/A,#N/A,#N/A,6.4,2.1335,85.889,1.511131066,1.9475,0.19,0.200000003,0.125,0.213333324,#N/A
3,2008,Brazil,590.4815083,2.174565472,#N/A,#N/A,#N/A,#N/A,7.5,1.5846,90.7663,1.596942282,1.8364,0.19,0.200000003,0.119999997,0.207999989,#N/A
3,2009,Brazil,579,1.949122492,#N/A,#N/A,#N/A,#N/A,8.03,1.9971,95.203,1.675001582,1.9958,0.19,0.200000003,0.119999997,0.207999989,#N/A
3,2010,Brazil,579,1.7644,1649,1.7181,#N/A,#N/A,8.2,1.7233,100,1.7594,1.7594,0.19,0.200000003,0.119999997,0.207999989,2236
3,2011,Brazil,549,1.8085,1649,1.7549,#N/A,1.7549,9.5,1.5416,106.6364,1.876160822,1.6749,0.19,0.200000003,0.119999997,0.207999989,1483
3,2012,Brazil,579,2.0311,1549,2.0271,1999,2.0271,10.25,1.805,112.3985,1.977539209,1.9552,0.19,0.200000003,0.119999997,0.207999989,1771
3,2013,Brazil,759,2.217,1749,2.2667,2399,2.2667,11.25,1.99335,119.3721,2.100232727,2.1612,0.19,0.200000003,0.119999997,0.207999989,1380
3,2014,Brazil,829,2.4469,1749,2.3359,2799,2.3359,12.4,2.36305,126.9272,2.233157157,2.3552,0.19,0.200000003,0.119999997,0.207999989,1103
3,2015,Brazil,1179,3.9035,2537.74342,3.9035,2499,3.9035,13.5,2.59275,138.3886,2.434809028,3.3384,0.19,0.200000003,0.119999997,0.207999989,455
3,2016,Brazil,1299,3.2559,3399,3.2559,3199,3.2559,13.5,4.0248,150.4826,2.647590864,3.4806,0.19,0.200000003,0.119999997,0.207999989,1647
3,2017,Brazil,1199,3.1254,2499,3.1357,3499,3.1357,16.5,3.22395,155.6688,2.738836867,3.1927,0.18,0.200000003,0.119999997,0.207999989,2679
3,2018,Brazil,#N/A,#N/A,2499,4.111,3999,4.111,16.5,3.2279,161.3738,2.839210637,3.6568,0.18,0.200000003,0.119999997,0.207999989,1703
3,2019,Brazil,#N/A,#N/A,2799,4.1222,5199,4.1222,16.9,3.71795,167.3979,2.945198653,3.947,0.18,0.200000003,0.125,0.213333324,1673
3,2020,Brazil,#N/A,#N/A,3499,5.4057,4999,5.4057,19.9,4.1419,172.7743,3.039791034,5.1612,0.18,0.200000003,0.125,0.213333324,1551
4,2007,Canada,169,0.998062798,#N/A,#N/A,#N/A,#N/A,3.63,1.17485,95.6926,0.985825165,1.0737,0.06,0,0,0,#N/A
4,2008,Canada,169,1.186520231,#N/A,#N/A,#N/A,#N/A,4.09,1.00355,97.9608,1.009192162,1.0676,0.05,0,0,0,#N/A
4,2009,Canada,169,1.13470815,#N/A,#N/A,#N/A,#N/A,3.89,1.16085,98.2541,1.012213738,1.1401,0.05,0.029999999,0,0,#N/A
4,2010,Canada,169,1.0193,549,1.0336,#N/A,#N/A,4.12,1.0368,100,1.0302,1.0302,0.05,0,0,0,2728.621576
4,2011,Canada,159,1.0174,519,1.0025,659,1.0025,4.73,0.94585,102.9121,1.060200454,0.9891,0.05,0,0,0,2196.711877
4,2012,Canada,129,1.0002,519,0.9788,649,0.9788,4.73,1.02095,104.472,1.076270544,0.9996,0.05,0,0,0,2679.753547
4,2013,Canada,149,1.0309,576.904172,1.0354,699,1.0354,5.41,1.0029,105.4522,1.086368564,1.0302,0.05,0,0,0,2501.197287
4,2014,Canada,149,1.1198,519,1.1009,749,1.1009,5.54,1.1051,107.4628,1.107081766,1.1048,0.05,0,0,0,2673.645043
4,2015,Canada,179,1.3273,549,1.3273,719,1.3273,5.7,1.22855,108.672,1.119538944,1.2794,0.05,0.029999999,0,0,2202.82038
4,2016,Canada,179,1.3091,499,1.3091,769,1.3091,5.84,1.4092,110.2247,1.135534859,1.3248,0.05,0.029999999,0,0,1581.632551
4,2017,Canada,179,1.248,449,1.2294,899,1.2294,5.98,1.326,111.9848,1.15366741,1.298,0.05,0.015,0,0,1852.28625
4,2018,Canada,#N/A,#N/A,429,1.3034,929,1.3034,6.55,1.2459,114.5249,1.17983552,1.2964,0.05,0.015,0,0,2134.217186
4,2019,Canada,#N/A,#N/A,429,1.3244,1029,1.3244,6.77,1.3314,116.7573,1.202833705,1.3267,0.05,0,0,0,1954.251272
4,2020,Canada,#N/A,#N/A,429,1.3222,979,1.3222,6.77,1.30655,117.5944,1.211457509,1.3406,0.05,0,0,0,2018.860444
5,2007,Chile,149000,506.3000008,#N/A,#N/A,#N/A,#N/A,1670,540.15,90.3839,460.9036597,522.09,0.19,0.059999999,0.059999999,0,#N/A
5,2008,Chile,123000,660.5,#N/A,#N/A,#N/A,#N/A,1550,494.65,98.262,501.0772428,523.71,0.19,0.059999999,0.059999999,0.059999999,#N/A
5,2009,Chile,109900,564.5387631,#N/A,#N/A,#N/A,#N/A,1750,548.55,98.6089,502.8462247,558.64,0.19,0,0.059999999,0,#N/A
5,2010,Chile,109900,519.18,299900,493.65,#N/A,#N/A,1600,503.1,100,509.94,509.94,0.19,0,0.059999999,0,2525.912972
5,2011,Chile,109900,515.75,249900,486.5,#N/A,486.5,1850,462.75,103.3412,526.9781153,483.71,0.19,0,0.059999999,0,1675.281278
5,2012,Chile,89900,477.89,299990,474.13,#N/A,474.13,2050,506.05,106.4492,542.8270505,486.31,0.19,0,0.059999999,0,2000.622483
5,2013,Chile,99990,504.67,299990,503.35,#N/A,503.35,2050,471.75,108.3541,552.5408975,495.34,0.19,0,0.059999999,0,1558.92661
5,2014,Chile,99990,598.31,279990,594.25,469990,594.25,2000,541.95,113.467,578.6136198,571.09,0.19,0,0.059999999,0,1246.011631
5,2015,Chile,119990,691.47,399990,691.47,439990,691.47,2100,627.485,118.4014,603.7760992,654.67,0.19,0,0,0,513.9939186
5,2016,Chile,119990,667.61,329990,667.61,539990,667.61,2100,715.215,122.8843,626.6361994,676.23,0.19,0,0,0,1860.54502
5,2017,Chile,119990,651.34,299990,625.94,649990,625.94,2450,672.805,125.5665,640.3138101,648.96,0.19,0,0,0,3026.351007
5,2018,Chile,#N/A,#N/A,269990,679.89,649990,679.89,2600,605.935,128.624,655.9052256,642.15,0.19,0,0,0,1923.80581
5,2019,Chile,#N/A,#N/A,349990,718.64,599990,718.64,2640,678.99,131.9136,672.6802118,703.68,0.19,0,0,0,1889.916101
5,2020,Chile,#N/A,#N/A,509990,773.49,699990,773.49,2640,772.74,135.931,693.1665414,791.59,0.19,0,0,0,1752.097951
6,2007,China,1348,7.505497604,#N/A,#N/A,#N/A,#N/A,11,7.7743,92.1719,6.238009848,7.6063,0.17,0.150000006,0,0,#N/A
6,2008,China,1298,6.838300229,#N/A,#N/A,#N/A,#N/A,12.5,6.834,97.6333,6.607626477,6.9497,0.17,0.150000006,0,0,#N/A
6,2009,China,1198,6.837100029,#N/A,#N/A,#N/A,#N/A,12.5,6.8327,96.9224,6.559514187,6.8315,0.17,0.150000006,0,0,#N/A
6,2010,China,1198,6.8262,3988,6.741,#N/A,#N/A,12.5,6.8272,100,6.7678,6.7678,0.17,0.150000006,0,0,1
6,2011,China,1248,6.3793,3688,6.3901,4548,6.3901,14.65,6.445,105.5539,7.143676844,6.4634,0.17,0.150000006,0,0,1
6,2012,China,998,6.3739,3688,6.3213,4988,6.3213,15.4,6.3155,108.3189,7.330806514,6.3089,0.17,0.150000006,0,0,1
6,2013,China,1148,6.1209,3688,6.1199,5288,6.1199,16,6.2204,111.158,7.522951124,6.1479,0.17,0.150000006,0,0,1
6,2014,China,1148,6.1394,2888,6.1393,4488,6.1393,16.6,6.0513,113.2941,7.6675181,6.162,0.17,0.150000006,0,0,1
6,2015,China,1148,6.3686,3588,6.3686,4488,6.3686,17.2,6.2115,114.9221,7.777697884,6.285,0.17,0.150000006,0,0,1
6,2016,China,1148,6.6724,2888,6.6724,4488,6.6724,17.6,6.5582,117.2206,7.933255767,6.6478,0.17,0.150000006,0,0,1
6,2017,China,1148,6.7266,2688,6.5705,5388,6.5705,19.6,6.9266,119.0881,8.059644432,6.7549,0.17,0.112999998,0,0,1
6,2018,China,#N/A,#N/A,2565,6.855,5837,6.855,20.4,6.432,121.5589,8.226863234,6.62,0.16,0.075000003,0,0,1
6,2019,China,#N/A,#N/A,2499,7.1178,6199,7.1178,20.9,6.8497,125.0832,8.46538081,6.9077,0.13,0,0,0,1
6,2020,China,#N/A,#N/A,2699,6.8128,5499,6.8128,21.5,6.885,128.1094,8.670187973,6.8979,0.13,0,0,0,1
7,2007,Czech Republic,4732.248232,19.51120735,#N/A,#N/A,#N/A,#N/A,52.1,21.50115,91.7219,17.51723191,20.2819,0.19,0.12,#N/A,#N/A,#N/A
7,2008,Czech Republic,3999,19.15830094,#N/A,#N/A,#N/A,#N/A,66.08,14.49795,97.5542,18.63109622,17.0756,0.19,0.12,#N/A,#N/A,#N/A
7,2009,Czech Republic,4539,19.469868,#N/A,#N/A,#N/A,#N/A,67.92,18.66155,98.5486,18.82100873,19.03,0.19,0.12,0,#N/A,#N/A
7,2010,Czech Republic,3999,18.637,11490,18.8411,#N/A,#N/A,67.64,18.21005,100,19.0982,19.0982,0.2,0.12,0,0,1846.60644
7,2011,Czech Republic,3790,18.8112,11490,17.864,11990,17.864,69.32,17.0219,101.9172,19.46435069,17.6842,0.2,0.12,0,0,909.3685152
7,2012,Czech Republic,3290,20.301,12290,19.2274,14490,19.2274,70.22,20.36535,105.2679,20.10427408,19.56,0.2,0.12,0,0,1396.567084
7,2013,Czech Republic,4350,18.9871,12897,19.293,16627,19.293,70.33,18.89495,106.7819,20.39342083,19.5589,0.21,0.12,0,0,1118.905188
7,2014,Czech Republic,4350,21.77,12290,21.3937,17990,21.3937,70.45,20.2838,107.1493,20.46358761,20.7701,0.21,0.12,0,0,1198.384615
7,2015,Czech Republic,5190,24.1251,13490,24.1251,17990,24.1251,70.45,24.13325,107.4807,20.52687905,24.5887,0.21,0.12,0,0,649.254025
7,2016,Czech Republic,5190,24.0988,11990,24.0988,17990,24.0988,75,25.1442,108.2154,20.66719352,24.435,0.21,0.09,0,0,712.2182469
7,2017,Czech Republic,5190,22.0295,10990,21.9021,21190,21.9021,75,25.81175,110.8672,21.17363959,23.3613,0.21,0.09,0,0,904.2075134
7,2018,Czech Republic,#N/A,#N/A,8990,21.9722,20990,21.9722,79,20.747,113.2503,21.62876879,21.7488,0.21,0.06,0,0,848.4686941
7,2019,Czech Republic,#N/A,#N/A,8990,23.4897,22490,23.4897,85,22.31165,116.4755,22.24472394,22.9319,0.21,0.03,0,0,784.4722719
7,2020,Czech Republic,#N/A,#N/A,9990,22.695,20990,22.695,85,22.63095,120.1577,22.94795786,23.2025,0.21,0,0,0,880.9830054
8,2007,Denmark,1099,5.275568465,#N/A,#N/A,#N/A,#N/A,27.75,5.75305,93.2952,5.247948295,5.4416,0.25,0.119999997,0,0,#N/A
8,2008,Denmark,1099,5.852485611,#N/A,#N/A,#N/A,#N/A,28,4.7044,96.4825,5.427237108,5.0948,0.25,0.119999997,0,0,#N/A
8,2009,Denmark,1099,5.399758045,#N/A,#N/A,#N/A,#N/A,29.5,5.3375,97.7413,5.498045866,5.3522,0.25,0.119999997,0,0,#N/A
8,2010,Denmark,1099,5.4408,3799,5.6916,#N/A,#N/A,30.94,5.16195,100,5.6251,5.6251,0.25,0.119999997,0,0,1789
8,2011,Denmark,999,5.5305,3688,5.4161,4699,5.4161,28.5,5.19845,102.7587,5.780279634,5.3562,0.25,0.119999997,0,0,881
8,2012,Denmark,999,6.0021,3699,5.791,4399,5.791,31.5,5.86135,105.2227,5.918882098,5.7916,0.25,0.119999997,0,0,1353
8,2013,Denmark,1299,5.5138,3999,5.5824,5199,5.5824,28.5,5.49795,106.053,5.965587303,5.6155,0.25,0.119999997,0,0,1084
8,2014,Denmark,1299,5.8932,3699,5.7739,5399,5.7739,28.5,5.5014,106.6512,5.999236651,5.6224,0.25,0.119999997,0,0,1161
8,2015,Denmark,1399,6.6401,3799,6.6401,3999,6.6401,34.5,6.4174,107.1333,6.026355258,6.7235,0.25,0.119999997,0,0,629
8,2016,Denmark,1399,6.6421,3499,6.6421,4899,6.6421,30,6.9405,107.4011,6.041419276,6.7299,0.25,0.090000004,0,0,690
8,2017,Denmark,1399,6.2804,2999,6.2494,5799,6.2494,30,7.10125,108.6332,6.110726133,6.5951,0.25,0.090000004,0,0,876
8,2018,Denmark,#N/A,#N/A,2799,6.3966,6199,6.3966,30,6.0827,109.517,6.160440767,6.3187,0.25,0.059999999,0,0,822
8,2019,Denmark,#N/A,#N/A,2799,6.7807,6699,6.7807,30,6.51545,110.3473,6.207145972,6.6706,0.25,0.029999999,0,0,760
8,2020,Denmark,#N/A,#N/A,2999,6.3142,6299,6.3142,30,6.71935,110.8115,6.233257687,6.5365,0.25,0,0,0,853.5
9,2007,Egypt,1500,5.548630469,#N/A,#N/A,#N/A,#N/A,9.09,5.7,67.9615,3.829358679,5.6435,0.1,0.300000012,0,0,#N/A
9,2008,Egypt,1150,5.575763047,#N/A,#N/A,#N/A,#N/A,13,5.3125,80.4099,4.530776225,5.4369,0.1,0.300000012,0,0,#N/A
9,2009,Egypt,1445,5.606350819,#N/A,#N/A,#N/A,#N/A,13,5.58475,89.9915,5.070661059,5.552,0.1,0.300000012,0,0,#N/A
9,2010,Egypt,1449,5.4813,#N/A,5.7041,#N/A,#N/A,13,5.465,100,5.6346,5.6346,0.1,0.300000012,0,0,1317.218284
9,2011,Egypt,1499,6.0052,#N/A,5.963,#N/A,5.963,14.09,5.962,110.0649,6.201716855,5.9446,0.1,0.300000012,0,0,648.6692611
9,2012,Egypt,1449,6.0787,#N/A,6.094,#N/A,6.094,15.5,6.037,117.8924,6.64276517,6.0721,0.1,0.300000012,0,0,996.1969469
9,2013,Egypt,1999,6.8916,#N/A,6.9076,#N/A,6.9076,16,6.68575,129.0565,7.271817549,6.8749,0.1,0.300000012,0,0,798.1356175
9,2014,Egypt,1599,7.1441,#N/A,7.1498,#N/A,7.1498,16.93,6.961,142.0528,8.004107069,7.0852,0.1,0.300000012,0,0,854.8297527
9,2015,Egypt,1599,7.8279,#N/A,7.8279,#N/A,7.8279,16.93,7.35005,156.7844,8.834173802,7.7038,0.1,0.300000012,0,0,463.1248186
9,2016,Egypt,2349,8.8782,#N/A,8.8782,#N/A,8.8782,16.93,7.83005,178.4419,10.0544873,10.0786,0.13,0.400000006,0,0,508.0383543
9,2017,Egypt,4349,17.8723,#N/A,17.6465,#N/A,17.6465,27.49,18.77,231.0941,13.02122816,17.8519,0.14,0.600000024,0,0,644.9878237
9,2018,Egypt,#N/A,#N/A,#N/A,17.92,#N/A,17.92,34.21,17.7,264.3751,14.89647938,17.8211,0.14,0.600000024,0,0,605.2283003
9,2019,Egypt,#N/A,#N/A,#N/A,16.3918,#N/A,16.3918,40,17.91,288.5728,16.25992299,16.8162,0.14,0.600000024,0,0,559.5784772
9,2020,Egypt,#N/A,#N/A,#N/A,15.7728,#N/A,15.7728,42,15.88,303.1311,17.08022496,15.8163,0.14,0.600000024,0,0,628.4213556
10,2007,Estonia,2510.503895,11.0755896,#N/A,#N/A,#N/A,#N/A,#N/A,#N/A,88.0644,10.4071866,11.4277,0.18,0.12,#N/A,#N/A,#N/A
10,2008,Estonia,3027,12.30370007,#N/A,#N/A,#N/A,#N/A,#N/A,#N/A,97.1899,11.48561081,10.6921,0.18,0.12,#N/A,#N/A,#N/A
10,2009,Estonia,2697,11.3538716,#N/A,#N/A,#N/A,#N/A,#N/A,#N/A,97.1137,11.47660572,11.2459,0.2,0.12,0,#N/A,#N/A
10,2010,Estonia,2467,11.4399,#N/A,0.7642,#N/A,#N/A,#N/A,#N/A,100,11.8177,11.8177,0.2,0.12,0,0,1576.053117
10,2011,Estonia,159,0.7438,#N/A,0.7273,#N/A,0.7273,2.2,0.697520315,104.9819,12.406446,11.2491,0.2,0.12,0,0,776.1334801
10,2012,Estonia,159,0.8064,479,0.7769,#N/A,0.7769,2.04,0.788239467,109.1113,12.8944461,12.174,0.2,0.12,0,0,1191.950736
10,2013,Estonia,179,0.7393,509,0.7485,#N/A,0.7485,2.7,0.736946829,112.1452,13.2529833,11.7811,0.2,0.12,0,0,954.970139
10,2014,Estonia,179,0.7917,489,0.7756,#N/A,0.7756,2.8,0.737218475,112.0261,13.23890842,11.8013,0.2,0.12,0,0,1022.804734
10,2015,Estonia,189,0.8899,509,0.8899,598,0.8899,2.9,0.863073404,111.4746,13.1737338,14.1038,0.2,0.12,0,0,554.1293519
10,2016,Estonia,189,0.8918,#N/A,0.8918,693,0.8918,3,0.930232558,111.6403,13.19331573,14.1427,0.2,0.09,0,0,607.8684464
10,2017,Estonia,189,0.8445,425,0.8399,769,0.8399,3.1,0.955246692,115.4553,13.64416099,13.8723,0.2,0.09,0,0,771.7286363
10,2018,Estonia,#N/A,#N/A,425,0.8577,779,0.8577,3.15,0.816826629,119.4227,14.11301642,13.2643,0.2,0.06,0,0,724.1563231
10,2019,Estonia,#N/A,#N/A,399,0.9085,719,0.9085,3.2,0.872486149,122.1423,14.43441059,13.9795,0.2,0.03,0,0,669.5362598
10,2020,Estonia,#N/A,#N/A,349,0.8485,769,0.8485,3.2,0.899159286,121.5994,14.37025229,13.7196,0.2,0,0,0,751.9068391
11,2007,Euro Area,158.9835185,0.70785738,#N/A,#N/A,#N/A,#N/A,2.94,0.771813376,94.8852,0.716667916,0.7303,0.189714286,0.119999997,0,0,#N/A
11,2008,Euro Area,146.0788953,0.786347744,#N/A,#N/A,#N/A,#N/A,3.36856,0.630497147,98.28540714,0.74234968,0.6833,0.189714286,0.119999997,0,0,#N/A
11,2009,Euro Area,147.5172046,0.725642796,#N/A,#N/A,#N/A,#N/A,3.31,0.716897269,98.33818571,0.742748317,0.7188,0.189357143,0.119999997,0,0,#N/A
11,2010,Euro Area,142.8076446,0.7312,496.5690909,0.7642,#N/A,#N/A,3.36,0.693649638,100,0.7553,0.7553,0.194714286,0.119999997,0,0,1764
11,2011,Euro Area,155.3736364,0.7438,477.75,0.7273,604.2518182,0.7273,3.437660401,0.697520315,102.99595,0.77792841,0.7189,0.196857143,0.119999997,0,0,927
11,2012,Euro Area,138.2495827,0.8064,478.9318182,0.7769,603.3463636,0.7769,3.49245637,0.788239467,105.4569286,0.796516182,0.778,0.203285714,0.119999997,0,0,1344.5
11,2013,Euro Area,172.7836364,0.7393,501.3872727,0.7485,688.3036364,0.7485,3.594849572,0.736946829,106.5475786,0.804753861,0.753,0.204714286,0.119999997,0,0,1117.5
11,2014,Euro Area,175.7345455,0.7917,473.0035717,0.7756,699.4854545,0.7756,3.657962724,0.737218475,106.8314143,0.806897672,0.7542,0.206428571,0.119999997,0,0,1207
11,2015,Euro Area,183.9163636,0.8899,499.7302861,0.8899,601.0509091,0.8899,3.68,0.863073404,106.8355929,0.806929233,0.9014,0.207857143,0.119999997,0,0,684
11,2016,Euro Area,183.9163636,0.8918,438.9990909,0.8918,641.53,0.8918,3.72,0.930232558,107.0966429,0.808900944,0.9039,0.208571429,0.090000004,0,0,687
11,2017,Euro Area,183.9163636,0.8445,408.1172727,0.8399,770.4463636,0.8399,3.88,0.955246692,108.5248643,0.8196883,0.8868,0.208571429,0.090000004,0,0,846.5
11,2018,Euro Area,#N/A,#N/A,361.9447267,0.8577,809.7824757,0.8577,3.95,0.816826629,110.0438571,0.831161253,0.8478,0.208571429,0.059999999,0,0,809.5
11,2019,Euro Area,#N/A,#N/A,360.5936364,0.9085,862.7578779,0.9085,4.05,0.872486149,111.2932929,0.840598241,0.8934,0.208571429,0.029999999,0,0,785.5
11,2020,Euro Area,#N/A,#N/A,386.3672727,0.8485,807.1162317,0.8485,4.12,0.899159286,111.59735,0.842894785,0.8768,0.208571429,0,0,0,915.125
12,2007,Hong Kong,1150,7.759142999,#N/A,#N/A,#N/A,#N/A,12,7.79845,93.1854,7.239480541,7.802,0,0,0,0,#N/A
12,2008,Hong Kong,1150,7.750083414,#N/A,#N/A,#N/A,#N/A,13.3,7.7974,97.1953,7.551005662,7.7861,0,0,0,0,#N/A
12,2009,Hong Kong,1150,7.750207352,#N/A,#N/A,#N/A,#N/A,13.3,7.7505,97.7585,7.594760107,7.7517,0,0,0,0,#N/A
12,2010,Hong Kong,1168,7.7592,3888,7.7649,#N/A,#N/A,14.8,7.75655,100,7.7689,7.7689,0,0,0,0,116
12,2011,Hong Kong,1228,7.7676,3888,7.7943,4688,7.7943,15.1,7.7918,105.3052,8.181055683,7.7844,0,0,0,0,155
12,2012,Hong Kong,998,7.7555,3888,7.7544,4688,7.7544,16.5,7.76735,109.5742,8.512710024,7.757,0,0,0,0,131
12,2013,Hong Kong,1188,7.756,3888,7.7543,5588,7.7543,17,7.7591,114.3276,8.881996916,7.7566,0,0,0,0,85
12,2014,Hong Kong,1188,7.7652,3088,7.7527,5588,7.7527,18,7.75785,119.385,9.274901265,7.7547,0,0,0,0,65
12,2015,Hong Kong,1188,7.7503,3888,7.7503,4688,7.7503,18.8,7.75135,122.9556,9.552297608,7.7526,0,0,0,0,56
12,2016,Hong Kong,1188,7.7566,3088,7.7566,4688,7.7566,19.2,7.75235,125.918,9.782443502,7.7625,0,0,0,0,55
12,2017,Hong Kong,1188,7.8102,2588,7.8138,5588,7.8138,19.2,7.75595,127.7991,9.92858428,7.7927,0,0,0,0,107.5
12,2018,Hong Kong,#N/A,#N/A,2588,7.8377,5988,7.8377,20.5,7.819,130.8741,10.16747795,7.8375,0,0,0,0,111.5
12,2019,Hong Kong,#N/A,#N/A,2588,7.8353,6499,7.8353,20,7.83435,134.6474,10.46062186,7.8349,0,0,0,0,116.5
12,2020,Hong Kong,#N/A,#N/A,2599,7.7502,5999,7.7502,20.5,7.77535,134.9854,10.48688074,7.756,0,0,0,0,119.875
13,2007,Hungary,45489.19946,178.7394871,#N/A,#N/A,#N/A,#N/A,590,194.4237,86.3002,179.5993462,183.57,0.2,0.12,#N/A,#N/A,#N/A
13,2008,Hungary,46179.00496,204.7577039,#N/A,#N/A,#N/A,#N/A,670,144.2578,91.5149,190.4516584,172.37,0.2,0.12,#N/A,#N/A,#N/A
13,2009,Hungary,51493.40662,203.8051398,#N/A,#N/A,#N/A,#N/A,720,199.1577,95.3693,198.4730502,201.79,0.25,0.12,0,#N/A,#N/A
13,2010,Hungary,44990,193.79,#N/A,215.36,#N/A,#N/A,720,186.6508,100,208.11,208.11,0.25,0.12,0,0,1817.80322
13,2011,Hungary,51990,225.89,140990,207.39,189990,207.39,760,188.0724,103.9299,216.2885149,201.13,0.25,0.12,0,0,895.1842576
13,2012,Hungary,45490,222.13,149990,220.4,189990,220.4,645,245.69425,109.8042,228.5135206,224.99,0.27,0.12,0,0,1374.783542
13,2013,Hungary,55990,219.9,149990,224.12,209890,224.12,830,217.46935,111.7073,232.474062,223.52,0.27,0.12,0,0,1101.452594
13,2014,Hungary,55990,246.07,165379.9602,242.97,185990,242.97,860,223.09705,111.4531,231.9450464,232.88,0.27,0.12,0,0,1179.692308
13,2015,Hungary,64990,278.75,164990,278.75,209990,278.75,860,271.39345,111.3844,231.8020748,279.33,0.27,0.12,0,0,639.1270125
13,2016,Hungary,64990,275.31,149990,275.31,208990,275.31,900,292.67905,111.8241,232.7171345,281.5,0.27,0.09,0,0,701.1091234
13,2017,Hungary,64990,256.9,132990,259.09,255990,259.09,900,294.6172,114.45,238.181895,274.25,0.27,0.09,0,0,890.1037567
13,2018,Hungary,#N/A,#N/A,116990,278.52,264990,278.52,864,252.14215,117.7121,244.9706513,270.42,0.27,0.06,0,0,835.234347
13,2019,Hungary,#N/A,#N/A,116990,302.06,299990,302.06,850,280.26875,121.642,253.1491662,290.71,0.27,0.03,0,0,772.236136
13,2020,Hungary,#N/A,#N/A,134990,305.84,289990,305.84,900,298.7502,125.6888,261.5709617,307.83,0.27,0,0,0,867.2415027
14,2007,Iceland,18542.78341,61.39994506,#N/A,#N/A,#N/A,#N/A,#N/A,#N/A,75.1693,91.82681688,64.05,0.245,0.075000003,0,0,#N/A
14,2008,Iceland,31006.04194,125.6017254,#N/A,#N/A,#N/A,#N/A,#N/A,#N/A,84.7116,103.4836906,88.15,0.245,0.075000003,0,0,#N/A
14,2009,Iceland,38795.98417,128.2511873,#N/A,#N/A,#N/A,#N/A,#N/A,#N/A,94.8796,115.9049194,123.75,0.245,0.075000003,0,0,#N/A
14,2010,Iceland,39165.9222,125.98,#N/A,116.61,#N/A,#N/A,#N/A,#N/A,100,122.16,122.16,0.255,0.075000003,0,0,2644
14,2011,Iceland,33990,118.99,84990,116.83,#N/A,116.83,#N/A,#N/A,104.001,127.0476216,116.04,0.255,0.075000003,0,0,1944.5
14,2012,Iceland,34990,119.54,89990,122.84,134990,122.84,#N/A,#N/A,109.3944,133.636199,125.15,0.255,0.056250002,0,0,2384.5
14,2013,Iceland,29990,120.38,89990,121.06,119990,121.06,#N/A,#N/A,113.6305,138.8110188,122.1,0.255,0,0,0,2187
14,2014,Iceland,29990,120.89,79990,119.09,109900,119.09,#N/A,#N/A,115.9538,141.6491621,116.77,0.255,0,0,0,2440.5
14,2015,Iceland,32990,127.98,99990,127.98,109900,127.98,#N/A,#N/A,117.8474,143.9623838,131.81,0.24,0,0,0,1905.5
14,2016,Iceland,32990,114.83,69990,114.83,119990,114.83,#N/A,#N/A,119.8472,146.4053395,120.81,0.24,0,0,0,1392
14,2017,Iceland,32990,103.11,52990,106.44,124990,106.44,#N/A,#N/A,121.957,148.9826712,106.72,0.24,0,0,0,1666.5
14,2018,Iceland,#N/A,#N/A,52990,110.64,99990,110.64,#N/A,#N/A,125.229,152.9797464,108.31,0.24,0,0,0,1814
14,2019,Iceland,#N/A,#N/A,59990,124.93,124990,124.93,#N/A,#N/A,129.0033,157.5904313,122.61,0.24,0,0,0,1697
14,2020,Iceland,#N/A,#N/A,69990,137.85,139990,137.85,#N/A,#N/A,132.6772,162.0784675,135.36,0.24,0,0,0,1814.5
15,2007,India,7223.222721,39.37004808,#N/A,#N/A,#N/A,#N/A,#N/A,#N/A,74.325,33.99075495,41.3187,0.125,0.100000001,0,0,#N/A
15,2008,India,7614.000736,48.61448561,#N/A,#N/A,#N/A,#N/A,#N/A,#N/A,80.5306,36.82873718,43.3862,0.125,0.100000001,0,0,#N/A
15,2009,India,8097.3952,47.89374342,#N/A,#N/A,#N/A,#N/A,#N/A,#N/A,89.2942,40.83655931,48.3585,0.125,0.100000001,0,0,#N/A
15,2010,India,9439.16104,45.5888,27900,46.0432,#N/A,#N/A,#N/A,#N/A,100,45.7326,45.7326,0.125,0.100000001,0,0,620
15,2011,India,8900,52.2112,29500,47.6795,#N/A,47.6795,84,44.4,108.9118,49.80819785,46.6774,0.125,0.100000001,0,0,524
15,2012,India,8900,55.5225,31900,54.5265,44500,54.5265,84,51.905,119.2355,54.52949427,53.4786,0.125,0.100000001,0,0,618.5
15,2013,India,11900,62.6175,31900,63.7542,45500,63.7542,89,53.395,131.1804,59.99220761,58.6146,0.13,0.100000001,0,0,501
15,2014,India,11900,61.7575,35900,60.8744,53500,60.8744,95,61.845,139.9244,63.99106615,61.0413,0.14,0.100000001,0,0,526.5
15,2015,India,11900,66.203,35900,66.203,44500,66.203,116.25,61.615,146.7905,67.1311122,64.1612,0.14,0.100000001,0,0,356
15,2016,India,13900,66.7481,31900,66.7481,#N/A,66.7481,127,66.8025,154.054,70.4528996,67.2056,0.145,0.100000001,0,0,234.5
15,2017,India,13700,64.1875,28000,64.4636,#N/A,64.4636,170,68.3275,159.1812,72.79770147,65.1076,0.15,0.100000001,0,0,383
15,2018,India,#N/A,#N/A,28000,72.2512,68820.71302,72.2512,180,63.86125,165.4511,75.66508976,68.3833,0.18,0.100000001,0,0,304.5
15,2019,India,#N/A,#N/A,28000,71.3535,52500,71.3535,178,69.685,171.6216,78.48701984,70.4118,0.18,0.100000001,0,0.400000006,436.5
15,2020,India,#N/A,#N/A,29900,73.5122,68300,73.5122,188,70.87815,182.9888,83.68553595,74.0993,0.18,0.100000001,0,0.400000006,588.25
16,2007,Indonesia,1600000,9133.708943,#N/A,#N/A,#N/A,#N/A,15900,9090,82.6657,7509.352188,9142,0.1,0.150000006,0,0,#N/A
16,2008,Indonesia,2199000,10991.76148,#N/A,#N/A,#N/A,#N/A,18700,9152,91.1196,8277.304464,9699,0.1,0.150000006,0,0,#N/A
16,2009,Indonesia,1999000,10201.60805,#N/A,#N/A,#N/A,#N/A,20900,10200,95.1165,8640.38286,10392,0.1,0.150000006,0,0,#N/A
16,2010,Indonesia,1999000,9165,4799000,8973,#N/A,#N/A,20900,9320,100,9084,9084,0.1,0.100000001,0,0,368.8999328
16,2011,Indonesia,1908000,9113,4699000,8774,#N/A,8774,22534,8523,105.356,9570.53904,8772,0.1,0.100000001,0,0,243.6131632
16,2012,Indonesia,1699000,9469,4899000,9568,#N/A,9568,22534,9160,109.8648,9980.118432,9389,0.1,0.100000001,0,0,296.9760466
16,2013,Indonesia,1949000,11406,5499000,11318,#N/A,11318,27939,9767.5,116.9099,10620.09532,10438,0.1,0.100000001,0,0,267.9744795
16,2014,Indonesia,2399000,12188,6699000,11903,10499000,11903,27939,12140,124.3862,11299.24241,11881,0.1,0.100000001,0,0,270.2946049
16,2015,Indonesia,2399000,14416,6899000,14416,#N/A,14416,27939,12480,132.301,12018.22284,13400,0.1,0.100000001,0,0,216.9317215
16,2016,Indonesia,2799000,13116,6549000,13116,8499000,13116,30500,13947.5,136.9657,12441.96419,13305,0.1,0.100000001,0,0,81.20438773
16,2017,Indonesia,2799000,13325,5799000,13308,11999000,13308,31000,13329,142.1824,12915.84922,13382,0.1,0.100000001,0,0,171.6892769
16,2018,Indonesia,#N/A,#N/A,5799000,14870,12999000,14870,35750,13359,146.7299,13328.94412,14243,0.1,0.100000001,0,0,169.3691516
16,2019,Indonesia,#N/A,#N/A,#N/A,14103,10999000,14103,33000,14090,151.1767,13732.89143,14142,0.1,0.100000001,0,0,160.0886501
16,2020,Indonesia,#N/A,#N/A,#N/A,14808,13499000,14808,33000,13670,154.0807,13996.69079,14529,0.1,0.100000001,0,0,224.1821133
17,2007,Israel,1206.703635,4.011647724,#N/A,#N/A,#N/A,#N/A,#N/A,#N/A,90.1022,3.363244819,4.1072,0.155,0,0,0,#N/A
17,2008,Israel,793.7927309,3.757243011,#N/A,#N/A,#N/A,#N/A,#N/A,#N/A,94.2084,3.516516947,3.5864,0.155,0,0,0,#N/A
17,2009,Israel,767.2178343,3.962083425,#N/A,#N/A,#N/A,#N/A,15,3.97425,97.3552,3.63397755,3.9261,0.155,0,0,0,#N/A
17,2010,Israel,799,3.724,2639,3.7294,#N/A,#N/A,14.9,3.7325,100,3.7327,3.7327,0.16,0,0,0,1197.798797
17,2011,Israel,599,3.7576,2249,3.6906,#N/A,3.6906,15.9,3.40335,103.4786,3.862545702,3.5781,0.16,0,0,0,1088.671791
17,2012,Israel,749,3.987,2479,3.9397,#N/A,3.9397,15.9,3.8485,105.2268,3.927800764,3.8544,0.17,0,0,0,1274.447527
17,2013,Israel,739,3.525,2339,3.5671,3499,3.5671,14.9,3.72455,106.8854,3.989711326,3.6088,0.18,0,0,0,1001.630013
17,2014,Israel,739,3.683,2199,3.6352,3600,3.6352,17.5,3.4882,107.4054,4.009121366,3.5798,0.18,0,0,0,1065.287433
17,2015,Israel,749,3.9123,2349,3.9123,2999,3.9123,17.5,3.93415,106.724,3.983686748,3.8843,0.17,0,0,0,682.0437834
17,2016,Israel,749,3.7642,2349,3.7642,3299,3.7642,16.9,3.94105,106.1413,3.961936305,3.8383,0.17,0,0,0,518.3532754
17,2017,Israel,749,3.5616,1550,3.5318,3180,3.5318,16.9,3.855,106.4013,3.971641325,3.5971,0.17,0,0,0,802.8629679
17,2018,Israel,#N/A,#N/A,1550,3.5893,3288,3.5893,16.5,3.43635,107.2709,4.004100884,3.5952,0.17,0,0,0,601.4976604
17,2019,Israel,#N/A,#N/A,1490,3.522,2659,3.522,17,3.70785,108.1764,4.037900483,3.5632,0.17,0,0,0,954.8612968
17,2020,Israel,#N/A,#N/A,1490,3.4226,3175.1,3.4226,17,3.4595,107.5399,4.014141847,3.4384,0.17,0,0,0,1277.370572
18,2007,Japan,17981.21501,116.6021335,#N/A,#N/A,#N/A,#N/A,280,121.585,100.725,88.3660425,117.76,0.05,0,0,0,#N/A
18,2008,Japan,17800,98.94460172,#N/A,#N/A,#N/A,#N/A,280,106.855,102.115,89.5854895,103.32,0.05,0,0,0,#N/A
18,2009,Japan,17800,98.00098893,#N/A,#N/A,#N/A,#N/A,320,92.565,100.7336,88.37358728,93.6,0.05,0,0,0,#N/A
18,2010,Japan,14800,90.53,48800,84.38,#N/A,#N/A,320,91.54,100,87.73,87.73,0.05,0,0,0,316
18,2011,Japan,13800,77.62,44800,76.86,#N/A,76.86,320,78.365,99.7275,87.49093575,79.7,0.05,0,0,0,337
18,2012,Japan,10800,78.25,42800,78.16,#N/A,78.16,320,76.92,99.6836,87.45242228,79.86,0.05,0,0,0,345
18,2013,Japan,14800,98.27,49800,99.2,#N/A,99.2,320,91.065,100.0176,87.74544048,97.66,0.05,0,0,0,346
18,2014,Japan,13800,109.65,48800,107.39,67800,107.39,310,104.245,102.7773,90.16652529,105.97,0.08,0,0,0,273
18,2015,Japan,17800,120.09,53800,120.09,78800,120.09,370,117.765,103.5947,90.88363031,121.04,0.08,0,0,0,146
18,2016,Japan,17800,101.83,44800,101.83,67800,101.83,370,118.645,103.4628,90.76791444,108.78,0.08,0,0,0,185
18,2017,Japan,15500,110.26,37800,110.81,72800,110.81,380,116.665,103.9638,91.20744174,112.16,0.08,0,0,0,215
18,2018,Japan,#N/A,#N/A,37800,112.05,78800,112.05,380,110.725,104.9921,92.10956933,110.46,0.08,0,0,0,223
18,2019,Japan,#N/A,#N/A,37800,107.51,84800,107.51,390,108.44,105.4843,92.54137639,109.03,0.08,0,0,0,233
18,2020,Japan,#N/A,#N/A,34800,105.61,74800,105.61,390,110.04,105.4579,92.51821567,106.75,0.1,0,0,0,239.75
19,2007,Malaysia,620.0788592,3.410399622,#N/A,#N/A,#N/A,#N/A,5.5,3.502,92.7842,2.986816182,3.4361,0.1,0.100000001,0,0,#N/A
19,2008,Malaysia,599,3.519885453,#N/A,#N/A,#N/A,#N/A,5.5,3.238,97.8324,3.149322788,3.3342,0.1,0.100000001,0,0,#N/A
19,2009,Malaysia,599,3.529017136,#N/A,#N/A,#N/A,#N/A,6.77,3.602,98.4031,3.167694192,3.5235,0.1,0.100000001,0,0,#N/A
19,2010,Malaysia,599,3.3188,1549,3.1056,#N/A,#N/A,7.05,3.3875,100,3.2191,3.2191,0.1,0.100000001,0,0,318
19,2011,Malaysia,549,3.1777,1499,3.0789,#N/A,3.0789,7.2,2.973,103.1745,3.32129033,3.0585,0.1,0.100000001,0,0,210
19,2012,Malaysia,449,3.1074,1499,3.0804,2199,3.0804,7.35,3.13955,104.8909,3.376542962,3.0885,0.1,0.100000001,0,0,256
19,2013,Malaysia,529,3.2595,1499,3.2499,2199,3.2499,7.95,3.083,107.0988,3.447617471,3.1506,0.1,0.100000001,0,0,231
19,2014,Malaysia,529,3.2805,1599,3.2173,2749,3.2173,7.4,3.3235,110.4649,3.555975596,3.2737,0.1,0.100000001,0,0,233
19,2015,Malaysia,589,4.3069,1695,4.3069,2278,4.3069,7.63,3.6155,112.7895,3.630806795,3.9088,0.06,0.100000001,0,0,187
19,2016,Malaysia,589,4.1105,1699,4.1105,2699,4.1105,8,4.3925,115.1475,3.706713173,4.1424,0.06,0.100000001,0,0,70
19,2017,Malaysia,589,4.2813,1549,4.2082,3199,4.2082,8,4.4715,119.6051,3.850207774,4.2996,0.06,0.100000001,0,0,148
19,2018,Malaysia,#N/A,#N/A,1366,4.1398,3442,4.1398,9,3.954,120.6632,3.884269071,4.0351,0.06,0.100000001,0,0,146
19,2019,Malaysia,#N/A,#N/A,1447,4.1843,3599,4.1843,9.05,4.1175,121.4631,3.910018652,4.1421,0.1,0.100000001,0,0,138
19,2020,Malaysia,#N/A,#N/A,1449,4.1504,3399,4.1504,9.5,4.0745,120.08,3.86549528,4.2006,0.1,0.100000001,0,0,193.25
20,2007,Mexico,2199,10.89162452,#N/A,#N/A,#N/A,#N/A,29,10.8894,86.734,10.95467767,10.9283,0.15,0.200000003,0,0.150000006,#N/A
20,2008,Mexico,2499,12.79180135,#N/A,#N/A,#N/A,#N/A,32,10.1685,91.1791,11.51610269,11.1721,0.15,0.200000003,0,0.150000006,#N/A
20,2009,Mexico,2349,13.42576984,#N/A,#N/A,#N/A,#N/A,33,13.8104,96.0092,12.12615398,13.499,0.15,0.100000001,0,0,#N/A
20,2010,Mexico,2349,12.5424,7498,12.8019,#N/A,#N/A,32,12.81375,100,12.6302,12.6302,0.16,0.100000001,0,0,3248.593424
20,2011,Mexico,2299,13.6251,6999,13.0842,9699,13.0842,32,11.67075,103.4074,13.06056143,12.4432,0.16,0.100000001,0,0,2615.321897
20,2012,Mexico,2099,13.1985,7599,12.9305,11499,12.9305,37,13.6844,107.659,13.59754702,13.1549,0.16,0.100000001,0,0,3190.413001
20,2013,Mexico,2399,13.0914,7599,13.0505,10599,13.0505,37,12.7384,111.7569,14.11511998,12.7626,0.16,0.100000001,0,0,2977.830686
20,2014,Mexico,2399,13.4286,7799,13.2377,10599,13.2377,37,13.33275,116.248,14.6823549,13.3195,0.16,0.075000003,0,0,3183.140448
20,2015,Mexico,2799,16.8432,8256.368208,16.8432,9999,16.8432,49,14.6275,119.4107,15.08181023,15.8863,0.16,0.075000003,0,0,2622.59445
20,2016,Mexico,3299,19.2022,8499,19.2022,11799,19.2022,49,17.43675,122.7801,15.50737219,18.6888,0.16,0.075000003,0,0,1883.031766
20,2017,Mexico,3499,17.8005,7999,17.8422,15499,17.8422,49,21.9505,130.1978,16.44424254,18.9134,0.16,0.075000003,0,0,2205.261801
20,2018,Mexico,#N/A,#N/A,7999,19.0007,16499,19.0007,48,18.6635,136.5766,17.24989773,19.2342,0.16,0.075000003,0,0,2540.918087
20,2019,Mexico,#N/A,#N/A,7999,19.5819,18499,19.5819,49,19.30875,141.5425,17.87710084,19.2471,0.16,0.075000003,0,0,2326.657491
20,2020,Mexico,#N/A,#N/A,7999,21.6511,17499,21.6511,50,18.8205,146.3505,18.48436085,21.4762,0.16,0.075000003,0,0,2403.578723
21,2007,New Zealand,239,1.324311432,#N/A,#N/A,#N/A,#N/A,4.6,1.42796,92.0792,1.277138504,1.3603,0.125,0.07,0,0,#N/A
21,2008,New Zealand,249,1.67660794,#N/A,#N/A,#N/A,#N/A,4.9,1.3177,95.7246,1.327700202,1.4266,0.125,0.050000001,0,0,#N/A
21,2009,New Zealand,249,1.591385214,#N/A,#N/A,#N/A,#N/A,4.9,1.59235,97.7498,1.355789726,1.5958,0.125,0.050000001,0,0,#N/A
21,2010,New Zealand,259,1.4256,799,1.3727,#N/A,#N/A,4.9,1.35685,100,1.387,1.387,0.125,0.050000001,0,0,1189
21,2011,New Zealand,255,1.2812,799,1.2341,1123,1.2341,5.1,1.156069364,104.0279,1.442866973,1.2653,0.15,0.050000001,0,0,772
21,2012,New Zealand,189,1.2195,729,1.2216,1049,1.2216,5.1,1.26000126,105.1305,1.458160035,1.2351,0.15,0.050000001,0,0,925
21,2013,New Zealand,229,1.2048,729,1.2278,1049,1.2278,5.2,1.202428906,106.3231,1.474701397,1.2197,0.15,0.050000001,0,0,818
21,2014,New Zealand,229,1.2807,599,1.2289,999,1.2289,5.5,1.203007519,107.6283,1.492804521,1.2064,0.15,0,0,0,678
21,2015,New Zealand,269,1.5774,749,1.5774,919,1.5774,5.9,1.313283866,107.9433,1.497173571,1.4346,0.15,0,0,0,492
21,2016,New Zealand,269,1.3678,649,1.3678,999,1.3678,5.9,1.508068165,108.6409,1.506849283,1.4359,0.15,0,0,0,526
21,2017,New Zealand,269,1.3306,539,1.3793,1199,1.3793,6,1.43358899,110.6516,1.534737692,1.4075,0.15,0,0,0,677
21,2018,New Zealand,#N/A,#N/A,539,1.516,1249,1.516,6.2,1.374664925,112.4201,1.559266787,1.4466,0.15,0,0,0,827
21,2019,New Zealand,#N/A,#N/A,539,1.5768,1399,1.5768,6.2,1.479289941,114.2409,1.584521283,1.5183,0.15,0,0,0,596
21,2020,New Zealand,#N/A,#N/A,599,1.5005,1349,1.5005,6.5,1.513546239,116.1996,1.611688452,1.5399,0.15,0,0,0,884.75
22,2007,Norway,1190,5.448104846,#N/A,#N/A,#N/A,#N/A,41.5,6.1023,92.0822,5.566184826,5.8571,0.25,0,0,0,#N/A
22,2008,Norway,1190,6.681427439,#N/A,#N/A,#N/A,#N/A,40,5.07915,95.5389,5.775135427,5.6537,0.25,0,0,0,#N/A
22,2009,Norway,1190,6.484645835,#N/A,#N/A,#N/A,#N/A,40,6.50925,97.6382,5.902033914,6.2842,0.25,0,0,0,#N/A
22,2010,Norway,1250,5.8714,4090,6.0472,#N/A,#N/A,40,5.69555,100,6.0448,6.0448,0.25,0,0,0,1747.887712
22,2011,Norway,1250,5.771,3890,5.6259,4890,5.6259,45,5.41405,101.285,6.12247568,5.6059,0.25,0,0,0,860.7540938
22,2012,Norway,999,5.9602,3790,5.7486,4890,5.7486,41,6.0399,101.9908,6.165139878,5.8174,0.25,0,0,0,1321.907252
22,2013,Norway,1290,6.014,3890,5.9694,5190,5.9694,43,5.4831,104.1535,6.295870768,5.8789,0.25,0,0,0,1059.089033
22,2014,Norway,1290,6.4261,4375.54944,6.348,5790,6.348,48,6.15745,106.28,6.42441344,6.3126,0.25,0,0,0,1134.319527
22,2015,Norway,1590,8.2847,4690,8.2847,5190,8.2847,48,7.6225,108.5875,6.5638972,8.0725,0.25,0,0,0,614.5452043
22,2016,Norway,1590,8.2021,4490,8.2021,6290,8.2021,46.8,8.97465,112.4423,6.79691215,8.3977,0.25,0,0,0,674.1433879
22,2017,Norway,1590,7.8638,3690,7.8387,7390,7.8387,49,8.64835,114.5507,6.924360714,8.2691,0.25,0,0,0,855.8689968
22,2018,Norway,#N/A,#N/A,3490,8.2467,7790,8.2467,49,7.8501,117.7179,7.115811619,8.1446,0.25,0,0,0,803.1099491
22,2019,Norway,#N/A,#N/A,3490,9.0118,8690,9.0118,50,8.5329,120.2697,7.270062826,8.8007,0.25,0,0,0,742.5347461
22,2020,Norway,#N/A,#N/A,3990,9.1494,8490,9.1494,53,8.87515,121.817,7.363594016,9.4112,0.25,0,0,0,833.8860603
23,2007,Philippines,8915.6466,44.94,#N/A,#N/A,#N/A,#N/A,85,49.05,85.4642,38.53153457,46.121,0.12,0.150000006,0,0,#N/A
23,2008,Philippines,9490,48.40004597,#N/A,#N/A,#N/A,#N/A,87,44.485,92.4588,41.68504998,44.494,0.12,0.150000006,0,0,#N/A
23,2009,Philippines,8490,48.12131544,#N/A,#N/A,#N/A,#N/A,99.39,48.385,96.354,43.4412009,47.63,0.12,0.150000006,0,0,#N/A
23,2010,Philippines,8790,45.715,23990,44.232,#N/A,#N/A,101.52,45.92,100,45.085,45.085,0.12,0.150000006,0,0,316
23,2011,Philippines,7490,43.584,23990,43.105,#N/A,43.105,118,42.41,104.7184,47.21229064,43.299,0.12,0.150000006,0,0,337
23,2012,Philippines,7490,41.82,23990,41.737,33200,41.737,118,44.005,107.8882,48.64139497,42.221,0.12,0.150000006,0,0,345
23,2013,Philippines,8290,43.475,23990,43.764,33600,43.764,118,40.6,110.6746,49.89764341,42.475,0.12,0.150000006,0,0,346
23,2014,Philippines,8290,44.965,20490,44.192,36990,44.192,135,45.23,114.6565,51.69288303,44.396,0.12,0.150000006,0,0,273
23,2015,Philippines,9590,46.744,25490,46.744,30490,46.744,163,44.41,115.4295,52.04139008,45.546,0.12,0.150000006,0,0,146
23,2016,Philippines,9590,47.569,21490,47.569,31990,47.569,131,47.0225,116.8766,52.69381511,47.486,0.12,0.150000006,0,0,185
23,2017,Philippines,9590,50.487,18990,50.979,37990,50.979,133,49.615,120.2114,54.19730969,50.406,0.12,0.150000006,0,0,215
23,2018,Philippines,#N/A,#N/A,20990,53.99,44990,53.99,134,50.725,126.5938,57.07481473,52.688,0.12,0.150000006,0,0,223
23,2019,Philippines,#N/A,#N/A,20990,52.064,50990,52.064,140,52.3925,129.622,58.4400787,51.781,0.12,0.100000001,0,0,233
23,2020,Philippines,#N/A,#N/A,19990,48.514,47990,48.514,142,50.58,132.7241,59.83866049,49.609,0.12,0.07,0,0,239.75
24,2007,Poland,534.7914403,2.667022942,#N/A,#N/A,#N/A,#N/A,6.9,2.97175,90.1643,2.720617588,2.7639,0.22,0.12,#N/A,#N/A,#N/A
24,2008,Poland,623.7625647,2.78888744,#N/A,#N/A,#N/A,#N/A,7,2.03145,93.9196,2.83393001,2.4135,0.22,0.12,#N/A,#N/A,#N/A
24,2009,Poland,700.0406655,3.288119613,#N/A,#N/A,#N/A,#N/A,7.6,3.15525,97.4842,2.941488251,3.1141,0.22,0.12,0,#N/A,#N/A
24,2010,Poland,699,2.8455,#N/A,3.0186,#N/A,#N/A,8.1,2.83565,100,3.0174,3.0174,0.22,0.12,0,0,1718.099766
24,2011,Poland,699,3.3501,2099,3.1564,2699,3.1564,8.63,2.7968,104.2394,3.145319656,2.9652,0.23,0.12,0,0,846.0849044
24,2012,Poland,599,3.2576,2099,3.2063,2699,3.2063,9.1,3.52045,107.9507,3.257304422,3.2538,0.23,0.12,0,0,1299.378973
24,2013,Poland,729,3.1211,2199,3.1685,2849,3.1685,9.1,3.092,109.0216,3.289617758,3.1587,0.23,0.12,0,0,1041.039769
24,2014,Poland,729,3.3101,2265.189234,3.2494,2949,3.2494,9.2,3.0684,109.0802,3.291385955,3.1576,0.23,0.12,0,0,1114.988166
24,2015,Poland,799,3.7558,2099,3.7558,2699,3.7558,9.2,3.7066,108.1267,3.262615046,3.7712,0.23,0.12,0,0,604.0719692
24,2016,Poland,799,3.8517,1999,3.8517,2699,3.8517,9.6,4.0477,107.408,3.240928992,3.9437,0.23,0.09,0,0,662.6544654
24,2017,Poland,799,3.5934,1799,3.5884,3349,3.5884,9.6,4.17215,109.6377,3.30820796,3.7755,0.23,0.09,0,0,841.2830604
24,2018,Poland,#N/A,#N/A,1599,3.6875,3479,3.6875,10.1,3.40575,111.6253,3.368181802,3.6138,0.23,0.06,0,0,789.4231457
24,2019,Poland,#N/A,#N/A,1599,3.9542,3729,3.9542,10.5,3.74845,114.1118,3.443209453,3.8387,0.23,0.03,0,0,729.8802807
24,2020,Poland,#N/A,#N/A,1699,3.7966,3599,3.7966,11,3.7966,117.9624,3.559397458,3.8968,0.23,0,0,0,819.6747626
25,2007,Russian Federation,5503.042342,24.97749792,#N/A,#N/A,#N/A,#N/A,49,26.5335,73.4603,22.31092155,25.5675,0.18,0.233333334,0,0.150000002,#N/A
25,2008,Russian Federation,6190,27.08999991,#N/A,#N/A,#N/A,#N/A,59,23.2336,83.8262,25.45919051,24.8953,0.18,0.233333334,0,0.150000002,#N/A
25,2009,Russian Federation,6990,31.30446774,#N/A,#N/A,#N/A,#N/A,67,32.7959,93.5897,28.42450215,31.7423,0.18,0.233333334,0,0.150000002,#N/A
25,2010,Russian Federation,6692,29.432,16990,30.7799,#N/A,#N/A,70,29.927,100,30.3714,30.3714,0.18,0.13333334,0,0.150000002,1438.930095
25,2011,Russian Federation,6490,30.6995,21990,30.7556,26690,30.7556,75,27.7525,108.4405,32.93489802,29.4024,0.18,0.13333334,0,0.150000002,708.6067153
25,2012,Russian Federation,5990,31.5286,19990,31.3749,28790,31.3749,81,31.7693,113.9435,34.60623616,31.061,0.18,0.13333334,0,0.150000002,1088.246181
25,2013,Russian Federation,6490,32.3906,18990,32.5707,29990,32.5707,72.88,30.045,121.639,36.94346725,31.8677,0.18,0.13333334,0,0.150000002,871.8838585
25,2014,Russian Federation,6490,39.6003,19990,38.0132,31990,38.0132,89,33.93925,131.1553,39.83370078,38.6906,0.18,0.06666667,0,0,933.816568
25,2015,Russian Federation,10990,66.787,33490,66.787,39990,66.787,89,65.227,151.5295,46.02163056,61.2516,0.18,0.06666667,0,0,505.9178478
25,2016,Russian Federation,12990,64.3891,32990,64.3891,47990,64.3891,114,74.655,162.2008,49.26265377,66.9507,0.18,0.06666667,0,0,554.9814229
25,2017,Russian Federation,12490,59.7779,24990,57.6781,52990,57.6781,130,60.4375,168.1752,51.07716269,58.3296,0.18,0.06666667,0,0,704.5851108
25,2018,Russian Federation,#N/A,#N/A,24990,67.6286,56990,67.6286,130,56.745,173.0158,52.54732068,62.8423,0.18,0.06666667,0,0,661.151782
25,2019,Russian Federation,#N/A,#N/A,25414,64.94,66092,64.94,110.17,66.685,180.7503,54.89639661,64.6957,0.2,0.06666667,0,0,611.2838861
25,2020,Russian Federation,#N/A,#N/A,27990,76.0779,59990,76.0779,135,61.4325,186.8626,56.7527877,72.3536,0.2,0.06666667,0,0,686.4878905
26,2007,Singapore,248,1.480095904,#N/A,#N/A,#N/A,#N/A,3.6,1.53795,90.6677,1.23543808,1.5065,0.05,0,0,0,#N/A
26,2008,Singapore,248,1.479321622,#N/A,#N/A,#N/A,#N/A,3.95,1.35275,96.677,1.317320802,1.4148,0.07,0,0,0,#N/A
26,2009,Singapore,248,1.460990747,#N/A,#N/A,#N/A,#N/A,4.22,1.4645,97.2539,1.325181641,1.4536,0.07,0,0,0,#N/A
26,2010,Singapore,228,1.3971,728,1.334,#N/A,#N/A,4.45,1.39555,100,1.3626,1.3626,0.07,0,0,0,318
26,2011,Singapore,228,1.2816,668,1.2534,888,1.2534,4.41,1.20705,105.2478,1.434106523,1.2572,0.07,0,0,0,210
26,2012,Singapore,180,1.241,658,1.2312,788,1.2312,4.85,1.2928,110.0635,1.499725251,1.2493,0.07,0,0,0,256
26,2013,Singapore,198,1.2558,658,1.2626,948,1.2626,4.5,1.23485,112.6595,1.535098347,1.2512,0.07,0,0,0,231
26,2014,Singapore,198,1.2758,688,1.2638,988,1.2638,4.6,1.27885,113.8144,1.550835014,1.2676,0.07,0,0,0,233
26,2015,Singapore,198,1.4153,688,1.4153,848,1.4153,4.7,1.33315,113.2196,1.54273027,1.3749,0.07,0,0,0,187
26,2016,Singapore,198,1.3589,568,1.3589,888,1.3589,4.7,1.43725,112.617,1.534519242,1.3807,0.07,0,0,0,70
26,2017,Singapore,198,1.3553,498,1.3503,1048,1.3503,5.6,1.43875,113.2659,1.543361153,1.3806,0.07,0,0,0,148
26,2018,Singapore,#N/A,#N/A,498,1.371,1148,1.371,5.8,1.32255,113.7627,1.55013055,1.3494,0.07,0,0,0,146
26,2019,Singapore,#N/A,#N/A,498,1.3798,1229,1.3798,5.8,1.3559,114.4058,1.558893431,1.3641,0.07,0,0,0,138
26,2020,Singapore,#N/A,#N/A,499,1.3662,1149,1.3662,5.9,1.34715,114.1977,1.55605786,1.3791,0.07,0,0,0,193.25
27,2007,Slovakia,5663.460909,24.18938585,#N/A,#N/A,#N/A,#N/A,#N/A,#N/A,93.1925,21.20539422,24.6732,0.19,0.12,#N/A,#N/A,#N/A
27,2008,Slovakia,4965.351955,23.82263568,#N/A,#N/A,#N/A,#N/A,#N/A,#N/A,97.4777,22.18046577,21.353,0.19,0.12,#N/A,#N/A,#N/A
27,2009,Slovakia,4655.676448,21.86071488,#N/A,#N/A,#N/A,#N/A,#N/A,#N/A,99.0521,22.53871104,21.655,0.19,0.12,0,#N/A,#N/A
27,2010,Slovakia,4450.013795,22.0265,499,0.7642,#N/A,#N/A,#N/A,#N/A,100,22.7544,22.7544,0.19,0.12,0,0,1834.297372
27,2011,Slovakia,4790.03,22.4079,579,0.7273,759,0.7273,#N/A,#N/A,103.9193,23.6462132,21.6591,0.2,0.12,0,0,903.3068667
27,2012,Slovakia,4187.39,24.2991,479,0.7769,749,0.7769,#N/A,#N/A,107.6667,24.49891158,23.4398,0.2,0.12,0,0,1387.257878
27,2013,Slovakia,179,0.7393,499,0.7485,709,0.7485,#N/A,#N/A,109.1746,24.84202518,22.6833,0.2,0.12,0,0,1111.446814
27,2014,Slovakia,143,0.7917,519,0.7756,669,0.7756,#N/A,#N/A,109.0914,24.82309352,22.7222,0.2,0.12,0,0,1190.39645
27,2015,Slovakia,169,0.8899,479,0.8899,499,0.8899,#N/A,#N/A,108.7366,24.74236091,27.1555,0.2,0.12,0,0,644.9262419
27,2016,Slovakia,185,0.8918,479,0.8918,619,0.8918,#N/A,#N/A,108.1712,24.61370753,27.2303,0.2,0.09,0,0,707.4707582
27,2017,Slovakia,185,0.8445,399,0.8399,629,0.8399,#N/A,#N/A,109.5903,24.93661522,26.7098,0.2,0.09,0,0,898.180267
27,2018,Slovakia,#N/A,#N/A,349,0.8577,749,0.8577,3,0.853205921,112.3455,25.56354445,25.5391,0.2,0.06,0,0,842.8129902
27,2019,Slovakia,#N/A,#N/A,349,0.9085,829,0.9085,3.2,0.872486149,115.339,26.24469742,26.9162,0.2,0.03,0,0,779.243154
27,2020,Slovakia,#N/A,#N/A,379,0.8485,679,0.8485,3.4,0.899159286,117.573,26.75303071,26.4157,0.2,0,0,0,875.1105683
28,2007,South Africa,1564,6.9118,#N/A,#N/A,#N/A,#N/A,15.5,7.10975,81.4045,5.955390411,7.05,0.14,0.125,0,0,#N/A
28,2008,South Africa,1498,9.922225787,#N/A,#N/A,#N/A,#N/A,16.95,7.56325,89.6056,6.555366485,8.2748,0.14,0.125,0,0,#N/A
28,2009,South Africa,2099,8.094211635,#N/A,#N/A,#N/A,#N/A,17.95,8.2805,96.071,7.028362218,8.4032,0.14,0.125,0,0,#N/A
28,2010,South Africa,1999,7.3958,#N/A,7.1233,#N/A,#N/A,17.95,7.3045,100,7.3158,7.3158,0.14,0,0,0,1481
28,2011,South Africa,1499,8.1089,4399,7.5953,#N/A,7.5953,19.45,6.76885,104.9993,7.681538789,7.2643,0.14,0,0,0,991
28,2012,South Africa,1499,8.1642,4199,8.2701,6999,8.2701,19.95,8.1304,111.0101,8.121276896,8.2107,0.14,0,0,0,1047
28,2013,South Africa,1899,10.0278,5499,9.973,9499,9.973,20.9,9.047,117.4315,8.591053677,9.6537,0.14,0,0,0,805
28,2014,South Africa,1999,11.2853,5299,10.9865,9999,10.9865,23.5,10.87765,124.6298,9.117666908,10.8526,0.14,0,0,0,760
28,2015,South Africa,2499,13.6613,7499,13.6613,9199,13.6613,25.5,11.47875,130.2888,9.53166803,12.7904,0.14,0,0,0,693
28,2016,South Africa,3199,14.0293,7999,14.0293,11999,14.0293,28,15.81375,138.8506,10.15803219,14.694,0.14,0,0,0,584
28,2017,South Africa,3299,13.1859,5499,13.17,11999,13.17,26.32,13.9525,146.049,10.68465274,13.3085,0.14,0,0,0,1155
28,2018,South Africa,#N/A,#N/A,5499,14.7685,11999,14.7685,30,12.25815,152.6462,11.1672907,13.2578,0.14,0,0,0,888
28,2019,South Africa,#N/A,#N/A,5999,14.8547,13999,14.8547,31,13.8675,158.9356,11.62741062,14.4479,0.15,0,0,0,802
28,2020,South Africa,#N/A,#N/A,6499,16.73,16599,16.73,31,14.391,164.0375,12.00065543,16.4589,0.15,0,0,0,986.5
29,2007,South Korea,165000,916.663588,#N/A,#N/A,#N/A,#N/A,2900,940.15,90.3173,1044.402162,929.15,0.1,0.079999998,0,0,#N/A
29,2008,South Korea,180000,1262.709153,#N/A,#N/A,#N/A,#N/A,3200,1018.05,94.5387,1093.217165,1102.04,0.1,0.079999998,0,0,#N/A
29,2009,South Korea,249000,1258.197916,#N/A,#N/A,#N/A,#N/A,3400,1314.5,97.1446,1123.351011,1275.94,0.1,0.079999998,0,0,#N/A
29,2010,South Korea,229000,1134.75,640000,1162.05,#N/A,#N/A,3400,1140.5,100,1156.37,1156.37,0.1,0.079999998,0,0,193
29,2011,South Korea,179000,1142.57,640000,1122.4,#N/A,1122.4,3700,1056.2,104.026,1202.925456,1107.97,0.1,0.079999998,0,0,198
29,2012,South Korea,179000,1129.23,620000,1123.71,#N/A,1123.71,3700,1158.75,106.3011,1229.23403,1126.5,0.1,0.079999998,0,0,183
29,2013,South Korea,199000,1074.64,620000,1083.57,890000,1083.57,3700,1085.475,107.6844,1245.230096,1094.44,0.1,0.079999998,0,0,197
29,2014,South Korea,199000,1055.21,620000,1035,730000,1035,3700,1067.3,109.0572,1261.104744,1053.03,0.1,0.079999998,0,0,187
29,2015,South Korea,199000,1186.27,600000,1186.27,730000,1186.27,4100,1083.3,109.8275,1270.012262,1131.83,0.1,0.079999998,0,0,160
29,2016,South Korea,199000,1109.26,520000,1109.26,780000,1109.26,4300,1197.75,110.8946,1282.351886,1160.55,0.1,0.079999998,0,0,104
29,2017,South Korea,199000,1119.32,430000,1132.97,920000,1132.97,4400,1196.45,113.0508,1307.285536,1130.57,0.1,0.079999998,0,0,141
29,2018,South Korea,#N/A,#N/A,430000,1120.05,990000,1120.05,4400,1069.25,114.7193,1326.579569,1100.38,0.1,0.079999998,0,0,163
29,2019,South Korea,#N/A,#N/A,430000,1195.38,990000,1195.38,4500,1118.6,115.1586,1331.659503,1165.79,0.1,0.079999998,0,0,128
29,2020,South Korea,#N/A,#N/A,449000,1177.34,990000,1177.34,4500,1156.1,115.7774,1338.81512,1179.14,0.1,0.079999998,0,0,119
30,2007,Sweden,1395,6.512837884,#N/A,#N/A,#N/A,#N/A,32,7.04125,96.0454,6.918726434,6.7558,0.25,0.119999997,0,0,#N/A
30,2008,Sweden,1345,7.739447739,#N/A,#N/A,#N/A,#N/A,38,5.96085,99.3465,7.156524474,6.6014,0.25,0.119999997,0,0,#N/A
30,2009,Sweden,1395,7.89833542,#N/A,#N/A,#N/A,#N/A,39,7.90915,98.8553,7.121140391,7.6418,0.25,0.119999997,0,0,#N/A
30,2010,Sweden,1495,7.105,4695,7.0489,#N/A,#N/A,39,7.0821,100,7.2036,7.2036,0.25,0.119999997,0,0,1662.462777
30,2011,Sweden,1295,6.7635,4395,6.6487,5995,6.6487,48.4,6.3352,102.9612,7.416913003,6.4932,0.25,0.119999997,0,0,818.6862529
30,2012,Sweden,1295,6.7121,4395,6.5971,4795,6.5971,41,6.9338,103.8758,7.482797129,6.7713,0.25,0.119999997,0,0,1257.301362
30,2013,Sweden,1495,6.4295,4495,6.4938,5995,6.4938,40.55930138,6.3492,103.8298,7.479483473,6.5134,0.25,0.119999997,0,0,1007.327921
30,2014,Sweden,1495,7.2137,4395,7.1285,6395,7.1285,40.7,6.47315,103.6433,7.466048759,6.8697,0.25,0.119999997,0,0,1078.881657
30,2015,Sweden,1795,8.3638,4695,8.3638,5295,8.3638,40.7,8.19145,103.5948,7.462555013,8.4331,0.25,0.119999997,0,0,584.5103894
30,2016,Sweden,1795,8.534,4295,8.534,6395,8.534,45,8.60185,104.6145,7.536010122,8.5606,0.25,0.090000004,0,0,641.1958167
30,2017,Sweden,1795,8.0678,4035,8.0093,7512,8.0093,48,9.12455,106.4918,7.671243305,8.5423,0.25,0.090000004,0,0,814.0399064
30,2018,Sweden,#N/A,#N/A,3795,8.9465,7995,8.9465,49.1,8.0188,108.5721,7.821099796,8.7001,0.25,0.059999999,0,0,763.8593642
30,2019,Sweden,#N/A,#N/A,3798,9.7137,9501,9.7137,52,8.90625,110.5092,7.960640731,9.4578,0.25,0.029999999,0,0,706.2446677
30,2020,Sweden,#N/A,#N/A,4295,8.8478,9195,8.8478,51.5,9.4591,111.0589,8.00023892,9.1998,0.25,0,0,0,793.1313472
31,2007,Switzerland,229,1.175287395,#N/A,#N/A,#N/A,#N/A,6.3,1.2485,97.4322,1.015633253,1.1998,0.076,0.003601672,0,0,#N/A
31,2008,Switzerland,229,1.168029914,#N/A,#N/A,#N/A,#N/A,6.5,1.02215,99.796,1.040273504,1.0823,0.076,0.004173486,0,0,#N/A
31,2009,Switzerland,212,1.093522225,#N/A,#N/A,#N/A,#N/A,6.5,1.08605,99.3165,1.035275196,1.0848,0.076,0.003882871,0,0,#N/A
31,2010,Switzerland,199,1.0619,649,1.0011,#N/A,#N/A,6.5,1.03115,100,1.0424,1.0424,0.076,0.003570928,0,0,1979.052016
31,2011,Switzerland,159,0.9132,549,0.8736,649,0.8736,6.5,0.80615,100.2313,1.044811071,0.8866,0.08,0.004628239,0,0,974.5918536
31,2012,Switzerland,139,0.9688,529,0.9394,629,0.9394,6.5,0.9551,99.5372,1.037575773,0.9376,0.08,0.004628239,0,0,1496.734141
31,2013,Switzerland,189,0.9049,562,0.9232,779,0.9232,6.5,0.9123,99.3209,1.035321062,0.9266,0.08,0,0,0,1199.157286
31,2014,Switzerland,189,0.9551,549,0.9367,649,0.9367,6.5,0.91005,99.3078,1.035184507,0.9158,0.08,0,0,0,1284.337278
31,2015,Switzerland,179,0.9722,549,0.9722,649,0.9722,6.5,0.86165,98.1718,1.023342843,0.9629,0.08,0,0,0,695.8209715
31,2016,Switzerland,179,0.9738,549,0.9738,639,0.9738,6.5,1.0088,97.7451,1.018894922,0.9852,0.08,0,0,0,763.3012247
31,2017,Switzerland,179,0.9669,389,0.9626,759,0.9626,6.5,1.0236,98.2669,1.024334166,0.9845,0.08,0,0,0,969.0606853
31,2018,Switzerland,#N/A,#N/A,379,0.9684,836.65,0.9684,6.5,0.96085,99.187,1.033925288,0.9786,0.077,0,0,0,909.3240677
31,2019,Switzerland,#N/A,#N/A,379,0.9908,878.45,0.9908,6.5,0.98165,99.5469,1.037676886,0.9937,0.077,0,0,0,840.7375808
31,2020,Switzerland,#N/A,#N/A,348,0.9152,808.85,0.9152,6.5,0.96825,98.8243,1.030144503,0.9384,0.077,0,0,0,944.170428
32,2007,Taiwan,5400,32.697,#N/A,#N/A,#N/A,#N/A,75,32.9255,91.082,30.37159818,32.851,0.05,0.100000001,0,0,#N/A
32,2008,Taiwan,5300,32.92723,#N/A,#N/A,#N/A,#N/A,75,30.3625,93.768,31.26725388,31.541,0.05,0.100000001,0,0,#N/A
32,2009,Taiwan,6090,33.15352196,#N/A,#N/A,#N/A,#N/A,75,33.1755,93.383,31.13887434,33.021,0.05,0.100000001,0,0,#N/A
32,2010,Taiwan,6290,31.814,16500,31.698,#N/A,#N/A,75,31.8425,94.431,31.48833345,31.488,0.05,0.100000001,0,0,316
32,2011,Taiwan,5690,30.333,15500,29.729,#N/A,29.729,75,28.834,95.722,31.91882173,29.392,0.05,0.100000001,0,0,337
32,2012,Taiwan,4590,29.936,15500,29.54,21900,29.54,75,29.9795,97.27,32.43500752,29.575,0.05,0.100000001,0,0,345
32,2013,Taiwan,5490,29.63,15900,29.69,21900,29.69,75,29.502,98.267,32.76746051,29.699,0.05,0.100000001,0,0,346
32,2014,Taiwan,5790,30.425,15900,30.121,22500,30.121,79,30.161,99.588,33.20795239,30.335,0.05,0.100000001,0,0,273
32,2015,Taiwan,5790,32.715,15900,32.715,18900,32.715,79,31.493,98.983,33.00621311,31.781,0.05,0.100000001,0,0,146
32,2016,Taiwan,5790,31.49,13900,31.49,20500,31.49,69,33.2315,100,33.34533517,32.254,0.05,0.100000001,0,0,185
32,2017,Taiwan,5790,30.213,10900,30.129,24500,30.129,69,31.905,101.087,33.70779896,30.428,0.05,0.082999997,0,0,215
32,2018,Taiwan,#N/A,#N/A,10900,30.742,25500,30.742,69,29.553,102.607,34.21464806,30.152,0.05,0.066,0,0,223
32,2019,Taiwan,#N/A,#N/A,10900,31.101,26900,31.101,69,30.803,103.167,34.40138193,30.907,0.05,0.050000001,0,0,233
32,2020,Taiwan,#N/A,#N/A,10900,29.248,24900,29.248,72,29.8845,102.98,34.33902616,29.457,0.05,0.033,0,0,239.75
33,2007,Thailand,5522.275653,31.57570847,#N/A,#N/A,#N/A,#N/A,62,35.3,92.612,29.35985624,34.507,0.07,0.1,#N/A,0,#N/A
33,2008,Thailand,6290,34.96871621,#N/A,#N/A,#N/A,#N/A,62,33.36,97.6764,30.96537233,33.366,0.07,0.1,#N/A,0,#N/A
33,2009,Thailand,6290,34.20554647,#N/A,#N/A,#N/A,#N/A,64.49,34.165,96.8244,30.69527129,34.32,0.07,0.1,0,0,#N/A
33,2010,Thailand,6200,32.555,15900,30.802,#N/A,#N/A,70,33.135,100,31.702,31.702,0.07,0.1,0,0,318
33,2011,Thailand,5400,30.87,15900,30.45,#N/A,30.45,70,29.75,103.8088,32.90946578,30.483,0.07,0.1,0,0,210
33,2012,Thailand,4700,31.448,16500,30.973,20900,30.973,78,31.75,106.9385,33.90164327,31.068,0.07,0.1,0,0,256
33,2013,Thailand,5500,31.24,16500,31.668,22900,31.668,87,29.755,109.275,34.6423605,30.731,0.07,0.1,0,0,231
33,2014,Thailand,5500,32.431,16900,32.199,23900,32.199,96,32.875,111.3459,35.29887722,32.479,0.07,0.1,0,0,233
33,2015,Thailand,5900,36.032,16900,36.032,19900,36.032,99,32.605,110.3433,34.98103297,34.268,0.07,0.1,0,0,187
33,2016,Thailand,5900,34.725,14400,34.725,22500,34.725,112,36.22,110.5509,35.04684632,35.285,0.07,0.1,0,0,70
33,2017,Thailand,5900,33.3,12500,33.149,26500,33.149,119,35.573,111.2868,35.28014134,33.922,0.07,0.1,0,0,148
33,2018,Thailand,#N/A,#N/A,11500,32.596,28500,32.596,119,31.95,112.4708,35.65549302,32.324,0.07,0.1,0,0,146
33,2019,Thailand,#N/A,#N/A,11500,30.574,29900,30.574,119,32.0075,113.2656,35.90746051,31.047,0.07,0.1,0,0,138
33,2020,Thailand,#N/A,#N/A,10900,31.369,24900,31.369,115,30.2775,112.3075,35.60372365,31.283,0.07,0.1,0,0,193.25
34,2007,Turkey,307.6450707,1.201175507,#N/A,#N/A,#N/A,#N/A,4.55,1.40975,78.4926,1.183354438,1.3052,0.18,0.119999997,0,0,#N/A
34,2008,Turkey,330.4286058,1.542617207,#N/A,#N/A,#N/A,#N/A,5.15,1.19275,86.6905,1.306945978,1.3066,0.18,0.119999997,0,0,#N/A
34,2009,Turkey,335.3521627,1.548684597,#N/A,#N/A,#N/A,#N/A,5.65,1.55005,92.1095,1.388642822,1.5534,0.18,0.119999997,0,0,#N/A
34,2010,Turkey,331.076748,1.5276,1274.58,1.4914,#N/A,#N/A,5.65,1.47455,100,1.5076,1.5076,0.18,0.119999997,0,0,1739
34,2011,Turkey,489.58,1.8281,1215.32,1.7995,2044.15,1.7995,6.5,1.72285,106.4719,1.605170364,1.6813,0.18,0.119999997,0,0,973
34,2012,Turkey,427,1.7765,1218.99,1.8014,1976.22,1.8014,6.6,1.86295,115.9389,1.747894856,1.8001,0.18,0.119999997,0,0,1336
34,2013,Turkey,549,2.0185,1324.10288,2.0155,2158.56,2.0155,8.45,1.76875,124.6263,1.878866099,1.9067,0.18,0.119999997,0,0,1151
34,2014,Turkey,619,2.2782,1249,2.2135,2349,2.2135,8.5,2.26155,135.6614,2.045231266,2.1886,0.18,0.119999997,0,0,1253
34,2015,Turkey,709,3.0174,1449,3.0174,2249,3.0174,9.25,2.33345,146.0678,2.202118153,2.726,0.18,0.119999997,0,0,739
34,2016,Turkey,709,2.967,1499,2.967,2699,2.967,10.25,3.0096,157.4248,2.373336285,3.0246,0.18,0.119999997,0,0,684
34,2017,Turkey,899,3.5193,1599,3.4756,3799,3.4756,10.75,3.91115,174.9687,2.637828121,3.6473,0.18,0.119999997,0,0,817
34,2018,Turkey,#N/A,#N/A,1899,6.316,5199,6.316,10.75,3.8026,203.5454,3.06865045,4.8415,0.18,0.119999997,0,0,797
34,2019,Turkey,#N/A,#N/A,2499,5.7076,7399,5.7076,10.75,5.3834,234.4371,3.53437372,5.6805,0.18,0.119999997,0,0,811
34,2020,Turkey,#N/A,#N/A,2799,7.5536,7999,7.5536,12.99,5.88025,263.2236,3.968358994,7.0239,0.18,0.140000001,0,0,976.75
35,2007,United Arab Emirates,815.0302606,3.672299994,#N/A,#N/A,#N/A,#N/A,#N/A,#N/A,86.9499,3.193582877,3.6724,0,0.050000001,0,0,#N/A
35,2008,United Arab Emirates,648.8428799,3.673249999,#N/A,#N/A,#N/A,#N/A,#N/A,#N/A,97.6052,3.584941391,3.6728,0,0.050000001,0,0,#N/A
35,2009,United Arab Emirates,648.5771309,3.67049876,#N/A,#N/A,#N/A,#N/A,#N/A,#N/A,99.1297,3.640934751,3.6729,0,0.050000001,0,0,#N/A
35,2010,United Arab Emirates,649,3.6724,#N/A,3.6729,#N/A,#N/A,#N/A,#N/A,100,3.6729,3.6729,0,0.050000001,0,0,922
35,2011,United Arab Emirates,649,3.673,2099,3.6729,2299,3.6729,#N/A,#N/A,100.8773,3.705122352,3.673,0,0.050000001,0,0,838
35,2012,United Arab Emirates,549,3.673,1999,3.673,2199,3.673,#N/A,#N/A,101.5454,3.729660997,3.673,0,0.050000001,0,0,981
35,2013,United Arab Emirates,629,3.673,1999,3.673,2599,3.673,#N/A,#N/A,102.6636,3.770731364,3.673,0,0.050000001,0,0,771
35,2014,United Arab Emirates,629,3.6728,1899,3.673,2199,3.673,#N/A,#N/A,105.0723,3.859200507,3.673,0,0.050000001,0,0,820
35,2015,United Arab Emirates,629,3.6729,1899,3.6729,2199,3.6729,#N/A,#N/A,109.3487,4.016268402,3.673,0,0.050000001,0,0,525
35,2016,United Arab Emirates,629,3.673,1499,3.673,2199,3.673,#N/A,#N/A,111.1174,4.081230985,3.673,0,0.050000001,0,0,399
35,2017,United Arab Emirates,629,3.673,1299,3.673,2599,3.673,#N/A,#N/A,113.3029,4.161502214,3.6729,0,0.050000001,0,0,618
35,2018,United Arab Emirates,#N/A,#N/A,1349,3.673,2991.5,3.673,14,3.67315,116.7798,4.289205274,3.673,0.05,0.050000001,0,0,463
35,2019,United Arab Emirates,#N/A,#N/A,1349,3.673,3179,3.673,14,3.67315,114.5247,4.206377706,3.673,0.05,0.050000001,0,0,735
35,2020,United Arab Emirates,#N/A,#N/A,1349,3.673,2949,3.673,14.75,3.67315,112.1432,4.118907593,3.673,0.05,0.050000001,0,0,983.25
36,2007,United Kingdom,99,0.490395774,#N/A,#N/A,#N/A,#N/A,1.94,0.506034461,92.4357,0.598521158,0.4997,0.175,0.119999997,0,0,#N/A
36,2008,United Kingdom,107,0.630787779,#N/A,#N/A,#N/A,#N/A,2.29,0.501039657,95.6908,0.61959793,0.5462,0.175,0.119999997,0,0,#N/A
36,2009,United Kingdom,107,0.614801962,#N/A,#N/A,#N/A,#N/A,2.29,0.620886626,97.568,0.6317528,0.6404,0.15,0.119999997,0,0,#N/A
36,2010,United Kingdom,115,0.6641,429,0.6421,#N/A,#N/A,2.29,0.623752495,100,0.6475,0.6475,0.175,0.119999997,0,0,2017.456309
36,2011,United Kingdom,131,0.6368,399,0.6341,510,0.6341,2.39,0.614137444,103.8561,0.672468248,0.6236,0.2,0.119999997,0,0,993.5041971
36,2012,United Kingdom,115,0.6409,399,0.6206,449,0.6206,2.49,0.651253663,106.5286,0.689772685,0.6309,0.2,0.119999997,0,0,1525.778863
36,2013,United Kingdom,129,0.6178,399,0.6301,549,0.6301,2.69,0.633211968,108.9699,0.705580103,0.6394,0.2,0.119999997,0,0,1222.427412
36,2014,United Kingdom,129,0.6168,399,0.6133,539,0.6133,2.79,0.603009015,110.5511,0.715818373,0.6075,0.2,0.119999997,0,0,1309.260355
36,2015,United Kingdom,129,0.6522,399,0.6522,459,0.6522,2.89,0.661594443,110.958,0.71845305,0.6545,0.2,0.119999997,0,0,709.3236549
36,2016,United Kingdom,149,0.7606,379,0.7606,459,0.7606,2.89,0.684532977,112.0769,0.725697928,0.7407,0.2,0.090000004,0,0,778.1133893
36,2017,United Kingdom,149,0.7567,339,0.7512,599,0.7512,3.09,0.82877507,114.9436,0.74425981,0.7764,0.2,0.090000004,0,0,987.8656942
36,2018,United Kingdom,#N/A,#N/A,319,0.766,699,0.766,3.19,0.72285673,117.5791,0.761324673,0.7502,0.2,0.059999999,0,0,926.9698638
36,2019,United Kingdom,#N/A,#N/A,319,0.8094,749,0.8094,3.19,0.78320802,119.6227,0.774556983,0.7836,0.2,0.029999999,0,0,857.0524288
36,2020,United Kingdom,#N/A,#N/A,349,0.7721,729,0.7721,3.39,0.76866905,120.8064,0.78222144,0.7794,0.2,0,0,0,962.4924315
37,2007,United States,149,1,#N/A,#N/A,#N/A,#N/A,3.22,1,95.087,0.95087,1,0.048730392,0,0,0,#N/A
37,2008,United States,149,1,#N/A,#N/A,#N/A,#N/A,3.57,1,98.7375,0.987375,1,0.049102941,0,0,0,#N/A
37,2009,United States,149,1,#N/A,#N/A,#N/A,#N/A,3.57,1,98.3864,0.983864,1,0.04929902,0,0,0,#N/A
37,2010,United States,149,1,499,1,#N/A,#N/A,3.58,1,100,1,1,0.050431373,0,0,0,2903.5
37,2011,United States,149,1,499,1,549,1,4.065,1,103.1568,1.031568,1,0.050455882,0,0,0,2337.5
37,2012,United States,129,1,499,1,549,1,4.19722,1,105.2915,1.052915,1,0.050132353,0,0,0,2851.5
37,2013,United States,149,1,499,1,649,1,4.367395833,1,106.8338,1.068338,1,0.050308824,0,0,0,2661.5
37,2014,United States,149,1,499,1,549,1,4.624166667,1,108.5669,1.085669,1,0.050406863,0,0,0,2845
37,2015,United States,149,1,499,1,549,1,4.79,1,108.6957,1.086957,1,0.05047549,0,0,0,2344
37,2016,United States,149,1,399,1,549,1,4.93,1,110.067,1.10067,1,0.050769608,0,0,0,1683
37,2017,United States,149,1,329,1,769,1,5.06,1,112.4116,1.124116,1,0.050696078,0,0,0,1971
37,2018,United States,#N/A,#N/A,329,1,799,1,5.28,1,115.1573,1.151573,1,0.050539216,0,0,0,2271
37,2019,United States,#N/A,#N/A,329,1,749,1,5.58,1,117.2442,1.172442,1,0.050617647,0,0,0,2079.5
37,2020,United States,#N/A,#N/A,329,1,599,1,5.67,1,118.6905,1.186905,1,0.050617647,0,0,0,2148.25
38,2007,Vietnam,#N/A,16083,#N/A,#N/A,#N/A,#N/A,#N/A,#N/A,69.695,13338.2291,16084,0.1,0.400000006,0.100000001,0,#N/A
38,2008,Vietnam,4999000,16720,#N/A,#N/A,#N/A,#N/A,#N/A,#N/A,85.8053,16421.41831,16449,0.1,0.400000006,0,0,#N/A
38,2009,Vietnam,4999000,17796,#N/A,#N/A,#N/A,#N/A,#N/A,#N/A,91.5688,17524.43694,17805,0.1,0.400000006,0,0,#N/A
38,2010,Vietnam,4999000,19090,#N/A,19488,#N/A,#N/A,#N/A,#N/A,100,19138,19138,0.1,0.340000004,0.022499999,0.029999999,318
38,2011,Vietnam,4599000,20858,11699000,20827,#N/A,20827,#N/A,#N/A,118.6777,22712.53823,20663,0.1,0.340000004,0,0,210
38,2012,Vietnam,4099000,20855,11399000,20862,#N/A,20862,#N/A,#N/A,129.4711,24778.17912,20873,0.1,0.340000004,0,0,256
38,2013,Vietnam,4399000,21113,14699000,21129,16905000,21129,#N/A,#N/A,138.0067,26411.72225,21030,0.1,0.300000012,0,0,231
38,2014,Vietnam,4399000,21228,11640000,21207,16466000,21207,60000,21230,143.6437,27490.53131,21200,0.1,0.300000012,0,0,233
38,2015,Vietnam,4999000,22483,11640000,22483,16466000,22483,60000,21380,144.5504,27664.05555,21926,0.1,0.300000012,0,0,187
38,2016,Vietnam,4999000,22304,#N/A,22304,13929000,22304,60000,22467.5,148.4073,28402.18907,22365,0.1,0.300000012,0,0,70
38,2017,Vietnam,4999000,22735,#N/A,22727,18799000,22727,60000,22572,153.6317,29402.03475,22718,0.1,0.300000012,0,0,148
38,2018,Vietnam,#N/A,#N/A,8621684.75,23305,20396000,23305,65000,22711.5,159.0696,30442.74005,23032,0.1,0.300000012,0,0,146
38,2019,Vietnam,#N/A,#N/A,8999000,23206,19999000,23206,65000,23199,163.5169,31293.86432,23231,0.1,0.300000012,0,0,138
38,2020,Vietnam,#N/A,#N/A,8899000,23172,19899000,23172,66000,23176,168.7837,32301.82451,23223,0.1,0.300000012,0,0,193.25
39,2007,Austria,149,0.70785738,#N/A,#N/A,#N/A,#N/A,#N/A,#N/A,94.6791,0.715111242,0.7303,0.2,0.119999997,0,0,#N/A
39,2008,Austria,149,0.786347744,#N/A,#N/A,#N/A,#N/A,#N/A,#N/A,97.724,0.738109372,0.6833,0.2,0.119999997,0,0,#N/A
39,2009,Austria,149,0.725642796,#N/A,#N/A,#N/A,#N/A,#N/A,#N/A,98.2188,0.741846596,0.7188,0.2,0.119999997,0,0,#N/A
39,2010,Austria,149,0.7312,499,0.7642,#N/A,#N/A,#N/A,#N/A,100,0.7553,0.7553,0.2,0.119999997,0,0,1764
39,2011,Austria,139,0.7438,479,0.7273,519,0.7273,3.09,0.697520315,103.2866,0.78012369,0.7189,0.2,0.119999997,0,0,927
39,2012,Austria,139,0.8064,479,0.7769,579,0.7769,3.09,0.788239467,105.8539,0.799514507,0.778,0.2,0.119999997,0,0,1344.5
39,2013,Austria,179,0.7393,499,0.7485,679,0.7485,3.39,0.736946829,107.9712,0.815506474,0.753,0.2,0.119999997,0,0,1117.5
39,2014,Austria,179,0.7917,479,0.7756,699,0.7756,3.39,0.737218475,109.705,0.828601865,0.7542,0.2,0.119999997,0,0,1207
39,2015,Austria,189,0.8899,489,0.8899,599,0.8899,3.39,0.863073404,110.6886,0.836030996,0.9014,0.2,0.119999997,0,0,684
39,2016,Austria,189,0.8918,433.5,0.8918,632,0.8918,3.5,0.930232558,111.6755,0.843485052,0.9039,0.2,0.090000004,0,0,687
39,2017,Austria,189,0.8445,399,0.8399,759,0.8399,3.4,0.955246692,113.9997,0.861039734,0.8868,0.2,0.090000004,0,0,846.5
39,2018,Austria,#N/A,#N/A,349,0.8577,799,0.8577,3.4,0.816826629,116.2779,0.878246979,0.8478,0.2,0.059999999,0,0,809.5
39,2019,Austria,#N/A,#N/A,349,0.9085,849,0.9085,3.76,0.872486149,118.058,0.891692074,0.8934,0.2,0.029999999,0,0,785.5
39,2020,Austria,#N/A,#N/A,379,0.8485,799,0.8485,3.84,0.899159286,119.6894,0.904014038,0.8768,0.2,0,0,0,915.125
40,2007,Belgium,159,0.70785738,#N/A,#N/A,#N/A,#N/A,#N/A,#N/A,93.7029,0.707738004,0.7303,0.21,0.119999997,0,0,#N/A
40,2008,Belgium,139,0.786347744,#N/A,#N/A,#N/A,#N/A,#N/A,#N/A,97.9096,0.739511209,0.6833,0.21,0.119999997,0,0,#N/A
40,2009,Belgium,139,0.725642796,#N/A,#N/A,#N/A,#N/A,#N/A,#N/A,97.8576,0.739118453,0.7188,0.21,0.119999997,0,0,#N/A
40,2010,Belgium,139,0.7312,499,0.7642,#N/A,#N/A,#N/A,#N/A,100,0.7553,0.7553,0.21,0.119999997,0,0,1789
40,2011,Belgium,139,0.7438,479,0.7273,649,0.7273,3.75,0.697520315,103.5321,0.781977951,0.7189,0.21,0.119999997,0,0,881
40,2012,Belgium,139,0.8064,479,0.7769,649,0.7769,3.7,0.788239467,106.472,0.804183016,0.778,0.21,0.119999997,0,0,1353
40,2013,Belgium,169,0.7393,499,0.7485,699,0.7485,3.8,0.736946829,107.6572,0.813134832,0.753,0.21,0.119999997,0,0,1084
40,2014,Belgium,169,0.7917,479,0.7756,699,0.7756,3.95,0.737218475,108.0232,0.81589923,0.7542,0.21,0.119999997,0,0,1161
40,2015,Belgium,179,0.8899,499,0.8899,599,0.8899,3.7,0.863073404,108.6297,0.820480124,0.9014,0.21,0.119999997,0,0,629
40,2016,Belgium,179,0.8918,439,0.8918,639,0.8918,3.95,0.930232558,110.7739,0.836675267,0.9039,0.21,0.090000004,0,0,690
40,2017,Belgium,179,0.8445,409,0.8399,769,0.8399,3.95,0.955246692,113.1289,0.854462582,0.8868,0.21,0.090000004,0,0,876
40,2018,Belgium,#N/A,#N/A,359,0.8577,809,0.8577,4.1,0.816826629,115.4516,0.872005935,0.8478,0.21,0.059999999,0,0,822
40,2019,Belgium,#N/A,#N/A,389,0.9085,859,0.9085,4.2,0.872486149,117.1105,0.884535607,0.8934,0.21,0.029999999,0,0,760
40,2020,Belgium,#N/A,#N/A,389,0.8485,809,0.8485,4.3,0.899159286,117.978,0.891087834,0.8768,0.21,0,0,0,853.5
41,2007,Finland,159,0.70785738,#N/A,#N/A,#N/A,#N/A,#N/A,#N/A,94.9684,0.717296325,0.7303,0.22,0.119999997,0,0,#N/A
41,2008,Finland,159,0.786347744,#N/A,#N/A,#N/A,#N/A,#N/A,#N/A,98.8297,0.746460724,0.6833,0.22,0.119999997,0,0,#N/A
41,2009,Finland,159,0.725642796,#N/A,#N/A,#N/A,#N/A,#N/A,#N/A,98.8297,0.746460724,0.7188,0.22,0.119999997,0,0,#N/A
41,2010,Finland,155,0.7312,499,0.7642,#N/A,#N/A,#N/A,#N/A,100,0.7553,0.7553,0.23,0.119999997,0,0,1789
41,2011,Finland,149,0.7438,479,0.7273,629,0.7273,3.75,0.697520315,103.4168,0.78110709,0.7189,0.23,0.119999997,0,0,881
41,2012,Finland,149,0.8064,479,0.7769,599,0.7769,3.75,0.788239467,106.3211,0.803043268,0.778,0.23,0.119999997,0,0,1353
41,2013,Finland,189,0.7393,514,0.7485,699,0.7485,3.75,0.736946829,107.8928,0.814914318,0.753,0.24,0.119999997,0,0,1084
41,2014,Finland,189,0.7917,489,0.7756,699,0.7756,4.1,0.737218475,109.0162,0.823399359,0.7542,0.24,0.119999997,0,0,1161
41,2015,Finland,189,0.8899,509,0.8899,599,0.8899,4.1,0.863073404,108.7895,0.821687094,0.9014,0.24,0.119999997,0,0,629
41,2016,Finland,189,0.8918,449,0.8918,649,0.8918,4.1,0.930232558,109.1776,0.824618413,0.9039,0.24,0.090000004,0,0,690
41,2017,Finland,189,0.8445,419,0.8399,779,0.8399,4.55,0.955246692,110.0008,0.830836042,0.8868,0.24,0.090000004,0,0,876
41,2018,Finland,#N/A,#N/A,369,0.8577,829,0.8577,4.56,0.816826629,111.193,0.839840729,0.8478,0.24,0.059999999,0,0,822
41,2019,Finland,#N/A,#N/A,369,0.9085,879,0.9085,4.62,0.872486149,112.3317,0.84844133,0.8934,0.24,0.029999999,0,0,760
41,2020,Finland,#N/A,#N/A,399,0.8485,829,0.8485,4.83,0.899159286,112.6581,0.850906629,0.8768,0.24,0,0,0,853.5
42,2007,France,159,0.70785738,#N/A,#N/A,#N/A,#N/A,#N/A,#N/A,95.7135,0.722924066,0.7303,0.196,0.119999997,0,0,#N/A
42,2008,France,149,0.786347744,#N/A,#N/A,#N/A,#N/A,#N/A,#N/A,98.4057,0.743258252,0.6833,0.196,0.119999997,0,0,#N/A
42,2009,France,149,0.725642796,#N/A,#N/A,#N/A,#N/A,#N/A,#N/A,98.492,0.743910076,0.7188,0.196,0.119999997,0,0,#N/A
42,2010,France,149,0.7312,499,0.7642,#N/A,#N/A,#N/A,#N/A,100,0.7553,0.7553,0.196,0.119999997,0,0,1789
42,2011,France,169,0.7438,489,0.7273,629,0.7273,3.5,0.697520315,102.1116,0.771248915,0.7189,0.196,0.119999997,0,0,881
42,2012,France,139,0.8064,489,0.7769,579,0.7769,3.6,0.788239467,104.1071,0.786320926,0.778,0.196,0.119999997,0,0,1353
42,2013,France,179,0.7393,509,0.7485,699,0.7485,3.6,0.736946829,105.0062,0.793111829,0.753,0.196,0.119999997,0,0,1084
42,2014,France,179,0.7917,489,0.7756,709,0.7756,3.8,0.737218475,105.5394,0.797139088,0.7542,0.2,0.119999997,0,0,1161
42,2015,France,189,0.8899,499,0.8899,609,0.8899,3.9,0.863073404,105.579,0.797438187,0.9014,0.2,0.119999997,0,0,629
42,2016,France,189,0.8918,439,0.8918,639,0.8918,4.1,0.930232558,105.7726,0.798900448,0.9039,0.2,0.090000004,0,0,690
42,2017,France,189,0.8445,409,0.8399,769,0.8399,4.1,0.955246692,106.8645,0.807147569,0.8868,0.2,0.090000004,0,0,876
42,2018,France,#N/A,#N/A,359,0.8577,809,0.8577,4.2,0.816826629,108.8423,0.822085892,0.8478,0.2,0.059999999,0,0,822
42,2019,France,#N/A,#N/A,358.4,0.9085,855.28,0.9085,4.2,0.872486149,110.0486,0.831197076,0.8934,0.2,0.029999999,0,0,760
42,2020,France,#N/A,#N/A,389,0.8485,809,0.8485,4.2,0.899159286,110.5729,0.835157114,0.8768,0.2,0,0,0,853.5
43,2007,Germany,149,0.70785738,#N/A,#N/A,#N/A,#N/A,#N/A,#N/A,96.0747,0.725652209,0.7303,0.19,0.119999997,0,0,#N/A
43,2008,Germany,149,0.786347744,#N/A,#N/A,#N/A,#N/A,#N/A,#N/A,98.5999,0.744725045,0.6833,0.19,0.119999997,0,0,#N/A
43,2009,Germany,149,0.725642796,#N/A,#N/A,#N/A,#N/A,#N/A,#N/A,98.9082,0.747053635,0.7188,0.19,0.119999997,0,0,#N/A
43,2010,Germany,139,0.7312,499,0.7642,#N/A,#N/A,#N/A,#N/A,100,0.7553,0.7553,0.19,0.119999997,0,0,1789
43,2011,Germany,159,0.7438,479,0.7273,629,0.7273,3.4,0.697520315,102.0752,0.770973986,0.7189,0.19,0.119999997,0,0,881
43,2012,Germany,129,0.8064,479,0.7769,579,0.7769,3.53,0.788239467,104.1253,0.786458391,0.778,0.19,0.119999997,0,0,1353
43,2013,Germany,169,0.7393,499,0.7485,679,0.7485,3.64,0.736946829,105.6921,0.798292431,0.753,0.19,0.119999997,0,0,1084
43,2014,Germany,169,0.7917,479,0.7756,699,0.7756,3.67,0.737218475,106.6506,0.805531982,0.7542,0.19,0.119999997,0,0,1161
43,2015,Germany,179,0.8899,489,0.8899,599,0.8899,3.67,0.863073404,107.1992,0.809675558,0.9014,0.19,0.119999997,0,0,629
43,2016,Germany,179,0.8918,439,0.8918,634.95,0.8918,3.59,0.930232558,107.7263,0.813656744,0.9039,0.19,0.090000004,0,0,690
43,2017,Germany,179,0.8445,399,0.8399,759,0.8399,3.79,0.955246692,109.3525,0.825939433,0.8868,0.19,0.090000004,0,0,876
43,2018,Germany,#N/A,#N/A,349,0.8577,799,0.8577,3.9,0.816826629,111.2466,0.84024557,0.8478,0.19,0.059999999,0,0,822
43,2019,Germany,#N/A,#N/A,349,0.9085,849,0.9085,4.12,0.872486149,112.8549,0.85239306,0.8934,0.19,0.029999999,0,0,760
43,2020,Germany,#N/A,#N/A,369.4,0.8485,778.85,0.8485,4.14,0.899159286,113.4267,0.856711865,0.8768,0.19,0,0,0,853.5
44,2007,Greece,139.1010538,0.70785738,#N/A,#N/A,#N/A,#N/A,#N/A,#N/A,90.5951,0.68426479,0.7303,0.19,0.119999997,0,0,#N/A
44,2008,Greece,134.5126451,0.786347744,#N/A,#N/A,#N/A,#N/A,#N/A,#N/A,94.3573,0.712680687,0.6833,0.19,0.119999997,0,0,#N/A
44,2009,Greece,136.5296921,0.725642796,#N/A,#N/A,#N/A,#N/A,#N/A,#N/A,95.4991,0.721304702,0.7188,0.19,0.119999997,0,0,#N/A
44,2010,Greece,156.4413304,0.7312,#N/A,0.7642,#N/A,#N/A,#N/A,#N/A,100,0.7553,0.7553,0.23,0.119999997,0,0,1739
44,2011,Greece,0,0.7438,#N/A,0.7273,#N/A,0.7273,3.26,0.697520315,103.3299,0.780450735,0.7189,0.23,0.119999997,0,0,973
44,2012,Greece,0,0.8064,#N/A,0.7769,#N/A,0.7769,3.3,0.788239467,104.8814,0.792169214,0.778,0.23,0.119999997,0,0,1336
44,2013,Greece,0,0.7393,#N/A,0.7485,#N/A,0.7485,3.3,0.736946829,103.9151,0.78487075,0.753,0.23,0.119999997,0,0,1151
44,2014,Greece,0,0.7917,#N/A,0.7756,#N/A,0.7756,3.05,0.737218475,102.5515,0.77457148,0.7542,0.23,0.119999997,0,0,1253
44,2015,Greece,0,0.8899,#N/A,0.8899,#N/A,0.8899,3.05,0.863073404,100.7713,0.761125629,0.9014,0.23,0.119999997,0,0,739
44,2016,Greece,0,0.8918,#N/A,0.8918,#N/A,0.8918,3.35,0.930232558,99.9393,0.754841533,0.9039,0.24,0.090000004,0,0,684
44,2017,Greece,0,0.8445,#N/A,0.8399,#N/A,0.8399,3.35,0.955246692,101.0599,0.763305425,0.8868,0.24,0.090000004,0,0,817
44,2018,Greece,#N/A,#N/A,#N/A,0.8577,#N/A,0.8577,3.35,0.816826629,101.6921,0.768080431,0.8478,0.24,0.059999999,0,0,797
44,2019,Greece,#N/A,#N/A,#N/A,0.9085,#N/A,0.9085,3.35,0.872486149,101.9494,0.770023818,0.8934,0.24,0.029999999,0,0,811
44,2020,Greece,#N/A,#N/A,#N/A,0.8485,776.78478,0.8485,3.3,0.899159286,100.6771,0.760414136,0.8768,0.24,0,0,0,976.75
45,2007,Ireland,149.7967788,0.70785738,#N/A,#N/A,#N/A,#N/A,#N/A,#N/A,101.5395,0.766927844,0.7303,0.21,0.119999997,0,0,#N/A
45,2008,Ireland,139,0.786347744,#N/A,#N/A,#N/A,#N/A,#N/A,#N/A,105.6623,0.798067352,0.6833,0.21,0.119999997,0,0,#N/A
45,2009,Ireland,139,0.725642796,#N/A,#N/A,#N/A,#N/A,#N/A,#N/A,100.9307,0.762329577,0.7188,0.215,0.119999997,0,0,#N/A
45,2010,Ireland,139,0.7312,499,0.7642,#N/A,#N/A,#N/A,#N/A,100,0.7553,0.7553,0.21,0.119999997,0,0,1789
45,2011,Ireland,171,0.7438,479,0.7273,599,0.7273,3.8,0.697520315,102.5572,0.774614532,0.7189,0.21,0.119999997,0,0,881
45,2012,Ireland,141,0.8064,479,0.7769,609,0.7769,3.8,0.788239467,104.2968,0.78775373,0.778,0.23,0.119999997,0,0,1353
45,2013,Ireland,169,0.7393,509,0.7485,679,0.7485,3.49,0.736946829,104.8273,0.791760597,0.753,0.23,0.119999997,0,0,1084
45,2014,Ireland,189,0.7917,409,0.7756,699,0.7756,3.46,0.737218475,105.0187,0.793206241,0.7542,0.23,0.119999997,0,0,1161
45,2015,Ireland,189,0.8899,509,0.8899,599,0.8899,3.49,0.863073404,104.7143,0.790907108,0.9014,0.23,0.119999997,0,0,629
45,2016,Ireland,189,0.8918,449,0.8918,649,0.8918,3.95,0.930232558,104.723,0.790972819,0.9039,0.23,0.090000004,0,0,690
45,2017,Ireland,189,0.8445,419,0.8399,779,0.8399,4,0.955246692,105.0796,0.793666219,0.8868,0.23,0.090000004,0,0,876
45,2018,Ireland,#N/A,#N/A,369,0.8577,829,0.8577,4.07,0.816826629,105.5928,0.797542418,0.8478,0.23,0.059999999,0,0,822
45,2019,Ireland,#N/A,#N/A,369,0.9085,879,0.9085,4.07,0.872486149,106.5843,0.805031218,0.8934,0.23,0.029999999,0,0,760
45,2020,Ireland,#N/A,#N/A,392.5,0.8485,815.5,0.8485,4.2,0.899159286,106.2277,0.802337818,0.8768,0.23,0,0,0,853.5
46,2007,Italy,149.7967788,0.70785738,#N/A,#N/A,#N/A,#N/A,#N/A,#N/A,94.574,0.714317422,0.7303,0.2,0.119999997,0,0,#N/A
46,2008,Italy,139,0.786347744,#N/A,#N/A,#N/A,#N/A,#N/A,#N/A,97.7401,0.738230975,0.6833,0.2,0.119999997,0,0,#N/A
46,2009,Italy,139,0.725642796,#N/A,#N/A,#N/A,#N/A,#N/A,#N/A,98.4974,0.743950862,0.7188,0.2,0.119999997,0,0,#N/A
46,2010,Italy,139,0.7312,499,0.7642,#N/A,#N/A,#N/A,#N/A,100,0.7553,0.7553,0.2,0.119999997,0,0,1739
46,2011,Italy,171,0.7438,479,0.7273,663,0.7273,3.5,0.697520315,102.7806,0.776301872,0.7189,0.21,0.119999997,0,0,973
46,2012,Italy,139,0.8064,479,0.7769,629,0.7769,3.5,0.788239467,105.9066,0.79991255,0.778,0.21,0.119999997,0,0,1336
46,2013,Italy,179,0.7393,499,0.7485,729,0.7485,3.85,0.736946829,107.1986,0.809671026,0.753,0.21,0.119999997,0,0,1151
46,2014,Italy,179,0.7917,481.56,0.7756,729,0.7756,3.85,0.737218475,107.457,0.811622721,0.7542,0.22,0.119999997,0,0,1253
46,2015,Italy,189,0.8899,499,0.8899,629,0.8899,3.85,0.863073404,107.4987,0.811937681,0.9014,0.22,0.119999997,0,0,739
46,2016,Italy,189,0.8918,439,0.8918,669,0.8918,4,0.930232558,107.3976,0.811174073,0.9039,0.22,0.090000004,0,0,684
46,2017,Italy,189,0.8445,409,0.8399,799,0.8399,4.2,0.955246692,108.7149,0.82112364,0.8868,0.22,0.090000004,0,0,817
46,2018,Italy,#N/A,#N/A,359,0.8577,839,0.8577,4.2,0.816826629,109.9515,0.83046368,0.8478,0.22,0.059999999,0,0,797
46,2019,Italy,#N/A,#N/A,359,0.9085,889,0.9085,4.2,0.872486149,110.6236,0.835540051,0.8934,0.22,0.029999999,0,0,811
46,2020,Italy,#N/A,#N/A,389,0.8485,839,0.8485,4.3,0.899159286,110.4713,0.834389729,0.8768,0.22,0,0,0,976.75
47,2007,Luxembourg,142.3642763,0.70785738,#N/A,#N/A,#N/A,#N/A,#N/A,#N/A,94.2133,0.711593055,0.7303,0.15,0.119999997,0,0,#N/A
47,2008,Luxembourg,132.11,0.786347744,#N/A,#N/A,#N/A,#N/A,#N/A,#N/A,97.4183,0.73580042,0.6833,0.15,0.119999997,0,0,#N/A
47,2009,Luxembourg,134.323738,0.725642796,#N/A,#N/A,#N/A,#N/A,#N/A,#N/A,97.7769,0.738508926,0.7188,0.15,0.119999997,0,0,#N/A
47,2010,Luxembourg,132.11,0.7312,474.26,0.7642,#N/A,#N/A,#N/A,#N/A,100,0.7553,0.7553,0.15,0.119999997,0,0,1789
47,2011,Luxembourg,132.11,0.7438,455.25,0.7273,502.77,0.7273,#N/A,#N/A,103.4107,0.781061017,0.7189,0.15,0.119999997,0,0,881
47,2012,Luxembourg,132.11,0.8064,455.25,0.7769,616.81,0.7769,#N/A,#N/A,106.1643,0.801858958,0.778,0.15,0.119999997,0,0,1353
47,2013,Luxembourg,160.62,0.7393,474.26,0.7485,664.34,0.7485,#N/A,#N/A,108.0053,0.815764031,0.753,0.15,0.119999997,0,0,1084
47,2014,Luxembourg,173.08,0.7917,455.25,0.7756,664.34,0.7756,#N/A,#N/A,108.6841,0.820891007,0.7542,0.15,0.119999997,0,0,1161
47,2015,Luxembourg,173.08,0.8899,479.12216,0.8899,579.2,0.8899,#N/A,#N/A,109.2001,0.824788355,0.9014,0.17,0.119999997,0,0,629
47,2016,Luxembourg,173.08,0.8918,424.49,0.8918,617.88,0.8918,#N/A,#N/A,109.5177,0.827187188,0.9039,0.17,0.090000004,0,0,690
47,2017,Luxembourg,173.08,0.8445,395.48,0.8399,743.58,0.8399,#N/A,#N/A,111.4132,0.8415039,0.8868,0.17,0.090000004,0,0,876
47,2018,Luxembourg,#N/A,#N/A,347.13,0.8577,782.26,0.8577,#N/A,#N/A,113.1158,0.854363637,0.8478,0.17,0.059999999,0,0,822
47,2019,Luxembourg,#N/A,#N/A,347.13,0.9085,830.61,0.9085,#N/A,#N/A,115.0878,0.869258153,0.8934,0.17,0.029999999,0,0,760
47,2020,Luxembourg,#N/A,#N/A,376.14,0.8485,782.26,0.8485,#N/A,#N/A,116.0315,0.87638592,0.8768,0.17,0,0,0,853.5
48,2007,Netherlands,149.7967788,0.70785738,#N/A,#N/A,#N/A,#N/A,#N/A,#N/A,95.2123,0.719138502,0.7303,0.19,0.119999997,0,0,#N/A
48,2008,Netherlands,139,0.786347744,#N/A,#N/A,#N/A,#N/A,#N/A,#N/A,97.5798,0.737020229,0.6833,0.19,0.119999997,0,0,#N/A
48,2009,Netherlands,139,0.725642796,#N/A,#N/A,#N/A,#N/A,#N/A,#N/A,98.7408,0.745789262,0.7188,0.19,0.119999997,0,0,#N/A
48,2010,Netherlands,139,0.7312,499,0.7642,#N/A,#N/A,#N/A,#N/A,100,0.7553,0.7553,0.19,0.119999997,0,0,1789
48,2011,Netherlands,159,0.7438,479,0.7273,599,0.7273,3.25,0.697520315,102.3411,0.772982328,0.7189,0.19,0.119999997,0,0,881
48,2012,Netherlands,129,0.8064,479,0.7769,599,0.7769,3.25,0.788239467,104.8541,0.791963017,0.778,0.21,0.119999997,0,0,1353
48,2013,Netherlands,169,0.7393,505,0.7485,676,0.7485,3.45,0.736946829,107.4827,0.811816833,0.753,0.21,0.119999997,0,0,1084
48,2014,Netherlands,169,0.7917,399,0.7756,699,0.7756,3.45,0.737218475,108.5318,0.819740685,0.7542,0.21,0.119999997,0,0,1161
48,2015,Netherlands,179,0.8899,499,0.8899,599,0.8899,3.45,0.863073404,109.1832,0.82466071,0.9014,0.21,0.119999997,0,0,629
48,2016,Netherlands,179,0.8918,439,0.8918,639,0.8918,3.45,0.930232558,109.529,0.827272537,0.9039,0.21,0.090000004,0,0,690
48,2017,Netherlands,179,0.8445,409,0.8399,769,0.8399,3.61,0.955246692,111.0421,0.838700981,0.8868,0.21,0.090000004,0,0,876
48,2018,Netherlands,#N/A,#N/A,359,0.8577,810.45,0.8577,3.71,0.816826629,112.9337,0.852988236,0.8478,0.21,0.059999999,0,0,822
48,2019,Netherlands,#N/A,#N/A,359,0.9085,859,0.9085,4,0.872486149,115.908,0.875453124,0.8934,0.21,0.029999999,0,0,760
48,2020,Netherlands,#N/A,#N/A,389,0.8485,809,0.8485,4.09,0.899159286,117.3829,0.886593044,0.8768,0.21,0,0,0,853.5
49,2007,Portugal,149.7967788,0.70785738,#N/A,#N/A,#N/A,#N/A,#N/A,#N/A,96.9385,0.732176491,0.7303,0.21,0.119999997,0,0,#N/A
49,2008,Portugal,139,0.786347744,#N/A,#N/A,#N/A,#N/A,#N/A,#N/A,99.4477,0.751128478,0.6833,0.21,0.119999997,0,0,#N/A
49,2009,Portugal,139,0.725642796,#N/A,#N/A,#N/A,#N/A,#N/A,#N/A,98.6168,0.74485269,0.7188,0.2,0.119999997,0,0,#N/A
49,2010,Portugal,140,0.7312,508,0.7642,#N/A,#N/A,#N/A,#N/A,100,0.7553,0.7553,0.21,0.119999997,0,0,1739
49,2011,Portugal,162,0.7438,479,0.7273,629,0.7273,2.9,0.697520315,103.653,0.782891109,0.7189,0.23,0.119999997,0,0,973
49,2012,Portugal,139,0.8064,479,0.7769,629,0.7769,2.9,0.788239467,106.5277,0.804603718,0.778,0.23,0.119999997,0,0,1336
49,2013,Portugal,169,0.7393,509,0.7485,699,0.7485,2.95,0.736946829,106.82,0.80681146,0.753,0.23,0.119999997,0,0,1151
49,2014,Portugal,169,0.7917,489,0.7756,699,0.7756,3,0.737218475,106.5229,0.804567464,0.7542,0.23,0.119999997,0,0,1253
49,2015,Portugal,189,0.8899,511.36,0.8899,601.36,0.8899,3,0.863073404,107.0426,0.808492758,0.9014,0.23,0.119999997,0,0,739
49,2016,Portugal,189,0.8918,449,0.8918,649,0.8918,3,0.930232558,107.6928,0.813403718,0.9039,0.23,0.090000004,0,0,684
49,2017,Portugal,189,0.8445,419,0.8399,779,0.8399,3.05,0.955246692,109.1667,0.824536085,0.8868,0.23,0.090000004,0,0,817
49,2018,Portugal,#N/A,#N/A,369,0.8577,829,0.8577,3.2,0.816826629,110.2515,0.83272958,0.8478,0.23,0.059999999,0,0,797
49,2019,Portugal,#N/A,#N/A,369,0.9085,879,0.9085,3.25,0.872486149,110.6244,0.835546093,0.8934,0.23,0.029999999,0,0,811
49,2020,Portugal,#N/A,#N/A,399,0.8485,829,0.8485,3.25,0.899159286,110.6106,0.835441862,0.8768,0.23,0,0,0,976.75
50,2007,Spain,139.745204,0.70785738,#N/A,#N/A,#N/A,#N/A,#N/A,#N/A,94.6579,0.714951119,0.7303,0.16,0.119999997,0,0,#N/A
50,2008,Spain,139,0.786347744,#N/A,#N/A,#N/A,#N/A,#N/A,#N/A,98.5155,0.744087572,0.6833,0.16,0.119999997,0,0,#N/A
50,2009,Spain,139,0.725642796,#N/A,#N/A,#N/A,#N/A,#N/A,#N/A,98.232,0.741946296,0.7188,0.16,0.119999997,0,0,#N/A
50,2010,Spain,139,0.7312,488,0.7642,#N/A,#N/A,#N/A,#N/A,100,0.7553,0.7553,0.18,0.119999997,0,0,1739
50,2011,Spain,159,0.7438,479,0.7273,599,0.7273,3.5,0.697520315,103.1961,0.779440143,0.7189,0.18,0.119999997,0,0,973
50,2012,Spain,125,0.8064,492,0.7769,569,0.7769,3.5,0.788239467,105.7204,0.798506181,0.778,0.21,0.119999997,0,0,1336
50,2013,Spain,169,0.7393,499,0.7485,669,0.7485,3.5,0.736946829,107.2096,0.809754109,0.753,0.21,0.119999997,0,0,1151
50,2014,Spain,169,0.7917,479,0.7756,699,0.7756,3.65,0.737218475,107.0476,0.808530523,0.7542,0.21,0.119999997,0,0,1253
50,2015,Spain,179,0.8899,489,0.8899,599,0.8899,3.65,0.863073404,106.5119,0.804484381,0.9014,0.21,0.119999997,0,0,739
50,2016,Spain,179,0.8918,429,0.8918,639,0.8918,3.5,0.930232558,106.2961,0.802854443,0.9039,0.21,0.090000004,0,0,684
50,2017,Spain,179,0.8445,402.81,0.8399,770.33,0.8399,3.95,0.955246692,108.3754,0.818559396,0.8868,0.21,0.090000004,0,0,817
50,2018,Spain,#N/A,#N/A,349,0.8577,809,0.8577,3.95,0.816826629,110.1906,0.832269602,0.8478,0.21,0.059999999,0,0,797
50,2019,Spain,#N/A,#N/A,349,0.9085,859,0.9085,3.95,0.872486149,110.9614,0.838091454,0.8934,0.21,0.029999999,0,0,811
50,2020,Spain,#N/A,#N/A,379,0.8485,809,0.8485,4.2,0.899159286,110.6033,0.835386725,0.8768,0.21,0,0,0,976.75
